From	To
P0DP25	CALM3
P0DP24	CALM2
P0DP23	CALM1
Q03135	CAV1
P14416	DRD2
Q99750	MDFI
Q14571	ITPR2
P29966	MARCKS
Q13255	GRM1
Q13586	STIM1
P48995	TRPC1
Q13507	TRPC3
Q9UBN4	TRPC4
Q9UL62	TRPC5
Q13563	PKD2
Q9HBA0	TRPV4
P41180	CASR
P19235	EPOR
Q86YM7	HOMER1
Q14643	ITPR1
Q14573	ITPR3
Q12797	ASPH
Q96D31	ORAI1
Q13976	PRKG1
Q9Y225	RNF24
P12931	SRC
Q8TD43	TRPM4
Q96J92	WNK4
P06241	FYN
O14745	NHERF1
Q9NZU7	CABP1
P62166	NCS1
Q86VW0	SESTD1
P20591	MX1
O60500	NPHS1
P17612	PRKACA
Q9NP85	NPHS2
Q96H20	SNF8
P21554	CNR1
Q00535	CDK5
Q8NER1	TRPV1
Q9UNN5	FAF1
O95166	GABARAP
Q9NQT8	KIF13B
P0C851	PIRT
P04629	NTRK1
P00533	EGFR
P08631	HCK
P06239	LCK
P07948	LYN
Q14244	MAP7
Q13438	OS9
Q9UKS6	PACSIN3
P07947	YES1
Q5W0U4	BSPRY
P05937	CALB1
Q9UEF7	KL
P62491	RAB11A
P60903	S100A10
P21980	TGM2
Q8TDD5	MCOLN3
Q9NQA5	TRPV5
Q9H1D0	TRPV6
Q86UT5	NHERF4
Q9BPW8	NIPSNAP1
P49757	NUMB
P18031	PTPN1
P41220	RGS2
Q9GZU5	NYX
Q5JVL4	EFHC1
Q12923	PTPN13
P63244	RACK1
Q99623	PHB2
Q96QT4	TRPM7
Q9BX84	TRPM6
P28222	HTR1B
P35372	OPRM1
Q8IZK6	MCOLN2
Q9GZU1	MCOLN1
P14314	PRKCSH
Q9Y496	KIF3A
Q13190	STX5
P42574	CASP3
O76064	RNF8
P49137	MAPKAPK2
Q16539	MAPK14
P31483	TIA1
Q14103	HNRNPD
Q13151	HNRNPA0
O60674	JAK2
B1AK53	ESPN
O95452	GJB6
P29033	GJB2
O95453	PARN
Q01085	TIAL1
Q15915	ZIC1
Q5TA89	HES5
Q92858	ATOH1
P26651	ZFP36
P16220	CREB1
P46531	NOTCH1
Q9Y219	JAG2
O00548	DLL1
Q15475	SIX1
Q13402	MYO7A
Q96QU1	PCDH15
Q06546	GABPA
P27361	MAPK3
P28482	MAPK1
P50607	TUB
Q75NE6	MIR17HG
Q92786	PROX1
Q99684	GFI1
Q14145	KEAP1
P23771	GATA3
Q9NZI8	IGF2BP1
P23760	PAX3
Q96NX9	DACH2
O94916	NFAT5
Q12951	FOXI1
P11487	FGF3
P31749	AKT1
O15111	CHUK
P19838	NFKB1
P27986	PIK3R1
Q6P1J9	CDC73
Q92797	SYMPK
P06493	CDK1
Q13315	ATM
P38936	CDKN1A
P04637	TP53
P18847	ATF3
Q15554	TERF2
P04198	MYCN
Q00987	MDM2
Q13535	ATR
Q01094	E2F1
Q9BXL8	CDCA4
Q9Y5W3	KLF2
P05019	IGF1
P08069	IGF1R
P13500	CCL2
P50281	MMP14
P00519	ABL1
P78527	PRKDC
O00327	BMAL1
Q49AN0	CRY2
Q16526	CRY1
Q99743	NPAS2
Q6PL18	ATAD2
Q96RU2	USP28
O60260	PRKN
P12004	PCNA
Q93009	USP7
Q04206	RELA
P28749	RBL1
Q16254	E2F4
Q08999	RBL2
Q14676	MDC1
Q96SD1	DCLRE1C
Q99700	ATXN2
Q9Y5Z0	BACE2
P05067	APP
P56817	BACE1
Q13426	XRCC4
Q12888	TP53BP1
P78536	ADAM17
O14672	ADAM10
Q13443	ADAM9
P60484	PTEN
Q70Z35	PREX2
Q9BXM7	PINK1
Q99497	PARK7
P23468	PTPRD
P18887	XRCC1
P17252	PRKCA
P18206	VCL
P04049	RAF1
P30086	PEBP1
Q13526	PIN1
P24941	CDK2
O60381	HBP1
P62913	RPL11
Q9Y4A5	TRRAP
P01106	MYC
Q969H0	FBXW7
Q05209	PTPN12
O15530	PDPK1
Q13153	PAK1
Q13177	PAK2
Q05397	PTK2
P21333	FLNA
Q96Q15	SMG1
P45983	MAPK8
P45985	MAP2K4
O43318	MAP3K7
P63000	RAC1
O00459	PIK3R2
O75143	ATG13
O75385	ULK1
Q8TDY2	RB1CC1
P42345	MTOR
Q9P2Y5	UVRAG
Q9Y371	SH3GLB1
Q14457	BECN1
Q13009	TIAM1
P01112	HRAS
Q9H0Y0	ATG10
Q8N122	RPTOR
P53355	DAPK1
Q9BVC4	MLST8
Q8IYT8	ULK2
Q07817	BCL2L1
Q96B36	AKT1S1
Q07820	MCL1
O95352	ATG7
Q9P212	PLCE1
Q8IW41	MAPKAPK5
Q9H1Y0	ATG5
Q12983	BNIP3
Q9H2V7	SPNS1
Q9Y4P1	ATG4B
P07384	CAPN1
P17655	CAPN2
P10415	BCL2
P42575	CASP2
P55212	CASP6
Q13546	RIPK1
Q92851	CASP10
Q92547	TOPBP1
Q14209	E2F2
O00141	SGK1
Q15319	POU4F3
Q9UKN7	MYO15A
P48431	SOX2
Q8WXG9	ADGRV1
Q02535	ID3
Q02363	ID2
P41134	ID1
P15382	KCNE1
P04628	WNT1
P58753	TIRAP
Q96DC9	OTUB2
Q15118	PDK1
Q96G74	OTUD5
Q96FW1	OTUB1
P78504	JAG1
Q9NS23	RASSF1
O00716	E2F3
P11233	RALA
P11234	RALB
Q12967	RALGDS
Q15311	RALBP1
P10721	KIT
Q99502	EYA1
P56696	KCNQ4
P22612	PRKACG
Q14164	IKBKE
P04626	ERBB2
Q96AV8	E2F7
P31751	AKT2
P01116	KRAS
P01135	TGFA
P11473	VDR
Q9NS91	RAD18
P05129	PRKCG
Q8N6T7	SIRT6
O94782	USP1
P61586	RHOA
Q13393	PLD1
Q13164	MAPK7
P36888	FLT3
O60733	PLA2G6
Q96HF1	SFRP2
Q8N474	SFRP1
Q13394	MAB21L1
P26367	PAX6
P55347	PKNOX1
Q14247	CTTN
Q13490	BIRC2
Q9BXH1	BBC3
Q96PG8	BBC3
P55211	CASP9
Q9NR09	BIRC6
Q13794	PMAIP1
O43521	BCL2L11
P12830	CDH1
Q15382	RHEB
P49815	TSC2
Q92574	TSC1
O00401	WASL
P60953	CDC42
P62993	GRB2
P08581	MET
P07949	RET
O94817	ATG12
Q9GZQ8	MAP1LC3B
Q9NT62	ATG3
Q96RR4	CAMKK2
Q99801	NKX3-1
P10275	AR
Q12778	FOXO1
Q13188	STK3
O75461	E2F6
Q92843	BCL2L2
P63167	DYNLL1
O15519	CFLAR
P55210	CASP7
Q14790	CASP8
P62136	PPP1CA
Q16611	BAK1
Q07812	BAX
O43293	DAPK3
P42771	CDKN2A
Q8N726	CDKN2A
Q15796	SMAD2
Q8IZJ1	UNC5B
Q9BSB4	ATG101
P41743	PRKCI
Q86YT6	MIB1
Q0VDD5	MIR22HG
O00198	HRK
Q14318	FKBP8
Q05513	PRKCZ
Q9HB75	PIDD1
P51812	RPS6KA3
P25445	FAS
Q15418	RPS6KA1
Q9UKL3	CASP8AP2
Q02750	MAP2K1
P10586	PTPRF
P07900	HSP90AA1
Q92859	NEO1
P10301	RRAS
P06396	GSN
P35222	CTNNB1
Q13464	ROCK1
Q96A00	PPP1R14A
Q9Y490	TLN1
Q13485	SMAD4
P84022	SMAD3
Q9Y6R4	MAP3K4
P40763	STAT3
P08047	SP1
Q15717	ELAVL1
O96017	CHEK2
O14757	CHEK1
P41221	WNT5A
Q9UHX1	PUF60
P50613	CDK7
Q96AE4	FUBP1
Q9UF56	FBXL17
P51608	MECP2
Q9BPZ3	PAIP2
P78543	BTG2
Q14201	BTG3
Q9NPD8	UBE2T
Q9NW38	FANCL
P61956	SUMO2
P63165	SUMO1
P42224	STAT1
Q16236	NFE2L2
Q8NHM5	KDM2B
Q99708	RBBP8
P41279	MAP3K8
O14920	IKBKB
Q6R327	RICTOR
Q13542	EIF4EBP2
Q13541	EIF4EBP1
O60516	EIF4EBP3
O95999	BCL10
Q99558	MAP3K14
P21580	TNFAIP3
Q15025	TNIP1
P20248	CCNA2
Q9GZX6	IL22
P01588	EPO
P30307	CDC25C
Q6VAB6	KSR2
Q9H2X6	HIPK2
Q5SW24	DACT2
P29466	CASP1
Q9H2A7	CXCL16
P78347	GTF2I
P03952	KLKB1
P16619	CCL3L1
P16619	CCL3L3
Q9Y294	ASF1A
O14798	TNFRSF10C
P50591	TNFSF10
Q15831	STK11
Q9NVP2	ASF1B
O00220	TNFRSF10A
Q9H7Z6	KAT8
P09874	PARP1
O14763	TNFRSF10B
Q13287	NMI
P05783	KRT18
Q12933	TRAF2
P19438	TNFRSF1A
Q9Y572	RIPK3
P10914	IRF1
Q01831	XPC
P22301	IL10
Q9C000	NLRP1
Q9ULZ3	PYCARD
P57730	CARD18
P05161	ISG15
Q5EG05	CARD16
P23458	JAK1
P35568	IRS1
P06213	INSR
P15336	ATF2
Q7Z434	MAVS
Q9BYX4	IFIH1
O15350	TP73
Q9HC29	NOD2
A1A5B4	ANO9
P19525	EIF2AK2
Q8IUC6	TICAM1
Q9UHD2	TBK1
P01579	IFNG
Q96T23	RSF1
Q14653	IRF3
Q92985	IRF7
Q9HAW4	CLSPN
P46821	MAP1B
Q9Y397	ZDHHC9
Q99612	KLF6
P01344	IGF2
P11717	IGF2R
P49771	FLT3LG
P21583	KITLG
P17542	TAL1
Q5S007	LRRK2
O00206	TLR4
Q92831	KAT2B
Q86XR7	TICAM2
Q9Y4K3	TRAF6
P53805	RCAN1
Q08209	PPP3CA
O15455	TLR3
Q99836	MYD88
Q9NWZ3	IRAK4
P49841	GSK3B
Q6ZNE5	ATG14
Q8IXJ6	SIRT2
Q92622	RUBCN
Q9Y2G2	CARD8
P50453	SERPINB9
P23443	RPS6KB1
P62753	RPS6
P04406	GAPDH
Q9Y6I4	USP3
Q8N5S9	CAMKK1
P14859	POU2F1
P23246	SFPQ
Q15233	NONO
Q8IW19	APLF
P05412	JUN
Q06609	RAD51
P29475	NOS1
Q16821	PPP1R3A
O15169	AXIN1
P48729	CSNK1A1
Q53ET0	CRTC2
O75581	LRP6
P50148	GNAQ
P53350	PLK1
P52926	HMGA2
P17096	HMGA1
Q9UJU2	LEF1
Q9UM63	PLAGL1
P37231	PPARG
P31314	TLX1
P27348	YWHAQ
Q92466	DDB2
Q92841	DDX17
Q16143	SNCB
P24468	NR2F2
P29590	PML
Q9H4B4	PLK3
Q8NHY2	COP1
Q9H3D4	TP63
P14635	CCNB1
P24385	CCND1
P14921	ETS1
Q9Y6K9	IKBKG
O75582	RPS6KA5
P21675	TAF1
Q92793	CREBBP
O95251	KAT7
Q9UKN8	GTF3C4
Q9H9T3	ELP3
Q15788	NCOA1
Q9Y6Q9	NCOA3
Q92630	DYRK2
Q9NZC3	GDE1
Q01196	RUNX1
Q15596	NCOA2
O60602	TLR5
Q7LBC6	KDM3B
O43353	RIPK2
Q9Y4C1	KDM3A
O15516	CLOCK
Q6B0I6	KDM4D
Q9H3R0	KDM4C
O94953	KDM4B
O75164	KDM4A
Q16665	HIF1A
P67870	CSNK2B
Q96GX9	APIP
Q5FWF5	ESCO1
P42684	ABL2
P04632	CAPNS1
P13010	XRCC5
Q99570	PIK3R4
Q9UMN6	KMT2B
O14686	KMT2D
Q86X55	CARM1
P55957	BID
P98170	XIAP
Q9NR28	DIABLO
Q96LA8	PRMT6
P30291	WEE1
Q4FZB7	KMT5B
Q03164	KMT2A
P35813	PPM1A
O60885	BRD4
P50750	CDK9
Q9UIS9	MBD1
Q14526	HIC1
P51532	SMARCA4
O14543	SOCS3
P36507	MAP2K2
P53041	PPP5C
Q9UQF2	MAPK8IP1
Q6PCD5	RFWD3
P51878	CASP5
O60343	TBC1D4
O15297	PPM1D
Q9NRG4	SMYD2
O15047	SETD1A
Q07325	CXCL9
Q9BYW2	SETD2
P13501	CCL5
Q96L73	NSD1
P80075	CCL8
P13236	CCL4
P05231	IL6
Q96T68	SETDB2
Q8IZD2	KMT2E
Q9H6W3	RIOX1
P49840	GSK3A
Q13363	CTBP1
Q8WTS6	SETD7
Q13029	PRDM2
Q8TEK3	DOT1L
Q9NQR1	KMT5A
Q676U5	ATG16L1
Q13489	BIRC3
Q13158	FADD
Q86TL0	ATG4D
O15392	BIRC5
P18146	EGR1
O43464	HTRA2
O60238	BNIP3L
Q8WYN0	ATG4A
P16104	H2AX
Q9BQQ3	GORASP1
Q9NYJ8	TAB2
Q15750	TAB1
Q8IZQ1	WDFY3
Q99683	MAP3K5
Q9UER7	DAXX
Q13501	SQSTM1
P01133	EGF
Q96GC9	VMP1
P01583	IL1A
Q9C0C7	AMBRA1
P09619	PDGFRB
P51149	RAB7A
P51398	DAP3
Q8NEM7	SUPT20H
P78344	EIF4G2
Q9H082	RAB33B
P02545	LMNA
Q8N5K1	CISD2
Q92934	BAD
P41182	BCL6
P78560	CRADD
Q15628	TRADD
P09429	HMGB1
Q9UKT4	FBXO5
O60447	EVI5
Q9Y297	BTRC
P61081	UBE2M
P62877	RBX1
Q13105	ZBTB17
Q9GZT9	EGLN1
Q9H6Z9	EGLN3
Q96KS0	EGLN2
P40337	VHL
Q13761	RUNX3
P10242	MYB
P38398	BRCA1
Q86YC2	PALB2
Q09472	EP300
Q6ZW49	PAXIP1
Q9UBE8	NLK
O15534	PER1
Q9UNS1	TIMELESS
Q04837	SSBP1
Q96EB6	SIRT1
P35398	RORA
Q92753	RORB
P51449	RORC
P20393	NR1D1
O15055	PER2
Q14995	NR1D2
P56645	PER3
Q86VP6	CAND1
P35754	GLRX
P20265	POU3F2
Q9NP80	PNPLA8
Q13285	NR5A1
Q02790	FKBP4
O94907	DKK1
Q9Y4E8	USP15
Q92905	COPS5
O15226	NKRF
Q15672	TWIST1
O75197	LRP5
Q92837	FRAT1
O75474	FRAT2
Q96MT3	PRICKLE1
P00734	F2
P68400	CSNK2A1
P43246	MSH2
Q04864	REL
O95551	TDP2
Q9P219	CCDC88C
Q9UGN5	PARP2
Q92993	KAT5
P48039	MTNR1A
Q99417	MYCBP
P04899	GNAI2
Q9UQ88	CDK11A
P21127	CDK11B
Q12824	SMARCB1
P06400	RB1
O15379	HDAC3
Q13263	TRIM28
O95997	PTTG1
Q96MF7	NSMCE2
P10747	CD28
P42081	CD86
P33681	CD80
P04083	ANXA1
P25090	FPR2
P26196	DDX6
O14965	AURKA
Q9UBN7	HDAC6
Q15365	PCBP1
P61978	HNRNPK
Q9BZR9	TRIM8
O94762	RECQL5
Q9NX47	MARCHF5
Q9P1Z0	ZBTB4
P17844	DDX5
Q8TDB6	DTX3L
Q9BYH8	NFKBIZ
Q02447	SP3
P18846	ATF1
Q9BY66	KDM5D
Q9UGL1	KDM5B
P41229	KDM5C
Q9NR48	ASH1L
P29375	KDM5A
Q99640	PKMYT1
O43557	TNFSF14
P29965	CD40LG
Q9Y275	TNFSF13B
P01374	LTA
P36941	LTBR
Q06643	LTB
P20749	BCL3
O43524	FOXO3
Q02297	NRG1
P25942	CD40
P21860	ERBB3
Q14451	GRB7
Q13309	SKP2
O75469	NR1I2
O75925	PIAS1
Q00604	NDP
Q14978	NOLC1
Q8NEB9	PIK3C3
O14744	PRMT5
O95996	APC2
Q92769	HDAC2
P26927	MST1
Q13330	MTA1
O95343	SIX3
Q8IUQ4	SIAH1
P03372	ESR1
Q9UPT9	USP22
Q99626	CDX2
P07711	CTSL
P04792	HSPB1
O60716	CTNND1
P49674	CSNK1E
Q9HC62	SENP2
Q15139	PRKD1
Q9HAU4	SMURF2
Q9HCE7	SMURF1
P49792	RANBP2
Q155Q3	DIXDC1
O00273	DFFA
O76075	DFFB
Q9UKL0	RCOR1
Q9NYS0	NKIRAS1
O14867	BACH1
Q9NYR9	NKIRAS2
P35638	DDIT3
P0DPQ6	DDIT3
P01138	NGF
P17676	CEBPB
P42765	ACAA2
P35226	BMI1
Q9UK53	ING1
P42226	STAT6
P24394	IL4R
O75676	RPS6KA4
P05112	IL4
Q6R6M4	USP17L2
P52333	JAK3
Q8NG66	NEK11
P26951	IL3RA
Q8N2W9	PIAS4
Q06187	BTK
Q86Y97	KMT5C
O75626	PRDM1
Q9NRC8	SIRT7
P05198	EIF2S1
Q9P2K8	EIF2AK4
O95786	RIGI
Q9BQI3	EIF2AK1
Q9HBH9	MKNK2
Q9BUB5	MKNK1
P11021	HSPA5
Q9NZJ5	EIF2AK3
P52564	MAP2K6
Q96JB5	CDK5RAP3
Q9BWQ8	FAIM2
O75460	ERN1
Q96D42	HAVCR1
Q96H15	TIMD4
P10912	GHR
P16471	PRLR
P48357	LEPR
Q01344	IL5RA
P01100	FOS
Q9H4L4	SENP3
P62879	GNB2
Q7Z628	NET1
O14640	DVL1
Q9Y4D1	DAAM1
Q6ZSZ5	ARHGEF18
P11308	ERG
Q8TE85	GRHL3
Q8IW93	ARHGEF19
P09471	GNAO1
Q9Y283	INVS
O95816	BAG2
Q6P3W7	SCYL2
Q7LFL8	CXXC5
Q9H2H0	CXXC4
Q53G59	KLHL12
P31431	SDC4
Q9Y2G4	ANKRD6
P48730	CSNK1D
P49407	ARRB1
Q96KQ7	EHMT2
Q9H9B1	EHMT1
Q15047	SETDB1
Q92794	KAT6A
Q92833	JARID2
O15550	KDM6A
O15054	KDM6B
O14717	TRDMT1
O60341	KDM1A
Q96T88	UHRF1
Q13547	HDAC1
Q92830	KAT2A
O00255	MEN1
Q9UPP1	PHF8
Q9UPS6	SETD1B
P12544	GZMA
Q01105	SET
P10144	GZMB
Q86Y13	DZIP3
Q8N7H5	PAF1
Q9Y5T5	USP16
Q08117	TLE5
O43189	PHF1
Q9NRZ9	HELLS
Q05655	PRKCD
Q9NQC7	CYLD
P20807	CAPN3
P31260	HOXA10
P05771	PRKCB
P42680	TEC
P29350	PTPN6
Q9H422	HIPK3
Q9NQS1	AVEN
Q15759	MAPK11
Q07869	PPARA
Q9NR83	SLC2A4RG
Q02078	MEF2A
P20963	CD247
P24666	ACP1
P43403	ZAP70
Q12913	PTPRJ
P61077	UBE2D3
Q9UKB1	FBXW11
P26045	PTPN3
O15503	INSIG1
Q9NRW4	DUSP22
Q96J02	ITCH
P62837	UBE2D2
P49427	CDC34
Q99759	MAP3K3
P27695	APEX1
P10599	TXN
Q99873	PRMT1
Q13233	MAP3K1
Q9Y2U5	MAP3K2
P54132	BLM
Q9BXW9	FANCD2
Q9H6S1	AZI2
Q9BTP7	FAAP24
Q7Z5K2	WAPL
Q8NEM0	MCPH1
Q07889	SOS1
Q00597	FANCC
P05114	HMGN1
Q9NVI1	FANCI
P55209	NAP1L1
Q16186	ADRM1
Q03468	ERCC6
P0DP91	ERCC6
Q00266	MAT1A
Q15843	NEDD8
O96019	ACTL6A
Q6P2H3	CEP85
O00311	CDC7
P63279	UBE2I
Q9P0U3	SENP1
Q969S8	HDAC10
P55854	SUMO3
Q9GZX5	ZNF350
Q96L91	EP400
Q99496	RNF2
Q13569	TDG
Q969G2	LHX4
Q9HCK8	CHD8
Q06710	PAX8
Q9UBR4	LHX3
Q9UL17	TBX21
Q9H334	FOXP1
Q05516	ZBTB16
O95409	ZIC2
Q5XUX0	FBXO31
P22681	CBL
P43405	SYK
Q13191	CBLB
Q8WXE1	ATRIP
P16298	PPP3CB
Q13627	DYRK1A
O00587	MFNG
Q9Y618	NCOR2
O75376	NCOR1
P09958	FURIN
Q8NES3	LFNG
P67775	PPP2CA
Q92585	MAML1
P06401	PGR
P19174	PLCG1
Q14994	NR1I3
Q06945	SOX4
Q9H6I2	SOX17
P55316	FOXG1
Q04759	PRKCQ
Q14289	PTK2B
Q9NQU5	PAK6
Q00534	CDK6
Q9BQA5	HINFP
O94761	RECQL4
Q14191	WRN
P67809	YBX1
Q14207	NPAT
Q9BVW5	TIPIN
Q86Y01	DTX1
P40692	MLH1
P54278	PMS2
P14618	PKM
P25054	APC
O14578	CIT
P53667	LIMK1
Q5VT25	CDC42BPA
P23528	CFL1
Q9Y281	CFL2
P53671	LIMK2
Q9H816	DCLRE1B
P51955	NEK2
P0DMV8	HSPA1A
O60244	MED14
P52292	KPNA2
O60729	CDC14B
P51617	IRAK1
O60603	TLR2
Q16513	PKN2
Q96CA5	BIRC7
Q9BXR5	TLR10
Q9NR97	TLR8
P25490	YY1
P29372	MPG
Q00613	HSF1
Q86W56	PARG
Q96QB1	DLC1
P78396	CCNA1
Q9NWT6	HIF1AN
O95155	UBE4B
Q9NZJ0	DTL
Q8WUF5	PPP1R13L
Q9NZF1	PLAC8
Q08050	FOXM1
P21359	NF1
Q15366	PCBP2
Q8IUD6	RNF135
P25098	GRK2
P42858	HTT
Q96RL1	UIMC1
Q9UMX1	SUFU
O94776	MTA2
P05204	HMGN2
P11387	TOP1
Q9Y4R8	TELO2
P24522	GADD45A
P30304	CDC25A
Q8TAQ5	ZNF420
Q92918	MAP4K1
Q9HD43	PTPRH
P29353	SHC1
P15498	VAV1
Q13257	MAD2L1
Q08881	ITK
O60566	BUB1B
P51452	DUSP3
Q9NR96	TLR9
Q9NYK1	TLR7
Q9Y616	IRAK3
Q7L590	MCM10
Q8N3Y1	FBXW8
Q6ZMT4	KDM7A
Q9UQM7	CAMK2A
Q6ZNA4	RNF111
O15105	SMAD7
O43683	BUB1
O95239	KIF4A
Q8NB78	KDM1B
P33981	TTK
Q14674	ESPL1
Q8TAE8	GADD45GIP1
Q93008	USP9X
Q9H0E2	TOLLIP
P36897	TGFBR1
P22736	NR4A1
O75496	GMNN
Q13163	MAP2K5
Q9UNE7	STUB1
Q9H160	ING2
O15151	MDM4
P51946	CCNH
Q9NYZ3	GTSE1
P33552	CKS2
P49760	CLK2
Q5VTD9	GFI1B
P49450	CENPA
Q96GD4	AURKB
P20290	BTF3
P30305	CDC25B
Q9BX63	BRIP1
Q8IYD8	FANCM
A8MT69	CENPX
P46934	NEDD4
Q13216	ERCC8
P23025	XPA
Q9UI95	MAD2L2
Q14527	HLTF
Q149N8	SHPRH
P37173	TGFBR2
Q13347	EIF3I
P78368	CSNK1G2
P63151	PPP2R2A
Q8NG27	PJA1
Q96PU5	NEDD4L
Q8WU20	FRS2
Q07912	TNK2
Q8IVT5	KSR1
Q07666	KHDRBS1
Q13882	PTK6
Q9Y5K5	UCHL5
O75928	PIAS2
P54829	PTPN5
P52735	VAV2
P42566	EPS15
P56945	BCAR1
Q06124	PTPN11
P13688	CEACAM1
Q9H8V3	ECT2
Q9H0H5	RACGAP1
Q9NSV4	DIAPH3
Q9ULW0	TPX2
P49023	PXN
Q9BXS6	NUSAP1
P40259	CD79B
P63098	PPP3R1
P02778	CXCL10
Q9UQC2	GAB2
P15391	CD19
P25963	NFKBIA
Q9HCI7	MSL2
Q9Y6I7	WSB1
O43255	SIAH2
P46937	YAP1
Q8WV28	BLNK
Q9ULZ2	STAP1
P11802	CDK4
Q9H5I1	SUV39H2
O75943	RAD17
Q12834	CDC20
Q15910	EZH2
Q9HCN2	TP53AIP1
O43463	SUV39H1
Q6PGQ7	BORA
Q9NQS7	INCENP
P17706	PTPN2
Q8WY41	NANOS1
P28562	DUSP1
P45984	MAPK9
Q86WX3	RPS19BP1
O60936	NOL3
P07332	FES
Q9NSA3	CTNNBIP1
P16871	IL7R
Q92783	STAM
P10244	MYBL2
P14784	IL2RB
P42229	STAT5A
P31785	IL2RG
O75886	STAM2
Q9NRA0	SPHK2
Q8IYW5	RNF168
P56524	HDAC4
O43823	AKAP8
P55273	CDKN2D
P17980	PSMC3
P42773	CDKN2C
Q5VVJ2	MYSM1
P61289	PSME3
O60934	NBN
P07288	KLK3
Q9UM07	PADI4
Q99638	RAD9A
P61968	LMO4
P09668	CTSH
P43235	CTSK
P25774	CTSS
O75444	MAF
Q9UD71	PPP1R1B
Q15911	ZFHX3
Q13562	NEUROD1
Q15078	CDK5R1
Q7Z6Z7	HUWE1
P06748	NPM1
P45880	VDAC2
Q15181	PPA1
Q9UIG0	BAZ1B
P07858	CTSB
O14727	APAF1
P99999	CYCS
P56279	TCL1A
Q9Y243	AKT3
Q15119	PDK2
P29992	GNA11
P63096	GNAI1
P30968	GNRHR
Q14511	NEDD9
P15941	MUC1
P16333	NCK1
Q15208	STK38
Q02156	PRKCE
Q14847	LASP1
Q15303	ERBB4
P29323	EPHB2
Q99856	ARID3A
Q92731	ESR2
P01148	GNRH1
P46108	CRK
P46109	CRKL
Q92878	RAD50
P58012	FOXL2
Q96EP1	CHFR
Q13043	STK4
P62140	PPP1CB
P23511	NFYA
P42336	PIK3CA
P08253	MMP2
Q9H7B4	SMYD3
O94875	SORBS2
Q13671	RIN1
O43156	TTI1
Q7Z401	DENND4A
Q9H063	MAF1
O43586	PSTPIP1
P24864	CCNE1
P46736	BRCC3
Q06587	RING1
Q14258	TRIM25
Q16082	HSPB2
O95835	LATS1
Q9NRM7	LATS2
P10276	RARA
P25685	DNAJB1
O75506	HSBP1
P10809	HSPD1
Q16644	MAPKAPK3
O14558	HSPB6
P10398	ARAF
P15056	BRAF
Q01543	FLI1
Q8IWA4	MFN1
P41235	HNF4A
P61088	UBE2N
Q9Y253	POLH
P49715	CEBPA
O95714	HERC2
Q9Y261	FOXA2
Q9UBZ9	REV1
Q92698	RAD54L
Q02548	PAX5
P17947	SPI1
P15036	ETS2
P11274	BCR
P07333	CSF1R
P09603	CSF1
Q96FF9	CDCA5
Q8IZP0	ABI1
Q03014	HHEX
O00257	CBX4
P15976	GATA1
P09919	CSF3
P04141	CSF2
O43324	EEF1E1
O75663	TIPRL
P19338	NCL
P14210	HGF
Q71DI3	H3C13
Q71DI3	H3C14
Q71DI3	H3C15
Q16695	H3-4
Q99618	CDCA3
P43351	RAD52
Q96FJ2	DYNLL2
P01137	TGFB1
O75475	PSIP1
P17275	JUNB
P01375	TNF
Q96LC9	BMF
P27694	RPA1
P40424	PBX1
P20333	TNFRSF1B
O95429	BAG4
P08651	NFIC
O75150	RNF40
Q5VTR2	RNF20
Q9P0L2	MARK1
P28715	ERCC5
P01308	INS
Q14541	HNF4G
Q15466	NR0B2
Q12857	NFIA
P41273	TNFSF9
Q99933	BAG1
P05455	SSB
Q06330	RBPJ
Q16690	DUSP5
Q01101	INSM1
O14770	MEIS2
O75293	GADD45B
P12956	XRCC6
P16403	H1-2
O60921	HUS1
Q7KZI7	MARK2
P60896	SEM1
Q9NTG7	SIRT3
Q15742	NAB2
Q13506	NAB1
Q7LG56	RRM2B
Q96A56	TP53INP1
P62805	H4C1
P62805	H4C11
P62805	H4C12
P62805	H4C13
P62805	H4C14
P62805	H4C15
P62805	H4C16
P62805	H4C2
P62805	H4C3
P62805	H4C4
P62805	H4C5
P62805	H4C6
P62805	H4C8
P62805	H4C9
P26842	CD27
P32970	CD70
P48023	FASLG
Q9UBN6	TNFRSF10D
P51959	CCNG1
P35680	HNF1B
Q01892	SPIB
P53004	BLVRA
Q15465	SHH
O43323	DHH
Q14623	IHH
Q16656	NRF1
Q9UBK2	PPARGC1A
P11474	ESRRA
Q9BVP2	GNL3
Q15349	RPS6KA2
P11309	PIM1
P10070	GLI2
Q13635	PTCH1
P08151	GLI1
Q9UJU5	FOXD3
Q01860	POU5F1
O43474	KLF4
Q9NWV8	BABAM1
P46734	MAP2K3
O00167	EYA2
Q99504	EYA3
Q9Y6K1	DNMT3A
Q9NRP7	STK36
Q16828	DUSP6
Q99728	BARD1
P35637	FUS
Q13114	TRAF3
Q9UIK4	DAPK2
Q9BY44	EIF2A
P18848	ATF4
P29597	TYK2
Q9Y6X2	PIAS3
Q13007	IL24
P46527	CDKN1B
P30281	CCND3
O75344	FKBP6
O75113	N4BP1
O14733	MAP2K7
O75569	PRKRA
P61024	CKS1B
P30279	CCND2
Q6GPH4	XAF1
Q96PM5	RCHY1
Q13625	TP53BP2
Q96KQ4	PPP1R13B
Q9BUR4	WRAP53
P20719	HOXA5
Q6UXS9	CASP12
Q08211	DHX9
P98082	DAB2
Q0VG06	FAAP100
Q01974	ROR2
Q92974	ARHGEF2
O14641	DVL2
Q9BUP3	HTATIP2
P10826	RARB
P13631	RARG
P48436	SOX9
Q9NZC7	WWOX
P48443	RXRG
Q14155	ARHGEF7
Q06787	FMR1
P56693	SOX10
P15153	RAC2
Q15052	ARHGEF6
Q99828	CIB1
Q969X0	RILPL2
Q9NWT1	PAK1IP1
P60763	RAC3
P17081	RHOQ
Q99653	CHP1
Q7L0Q8	RHOU
Q8WY54	PPM1E
P49593	PPM1F
Q969G9	NKD1
P40189	IL6ST
A7KAX9	ARHGAP32
P08575	PTPRC
Q00653	NFKB2
Q9Y4H2	IRS2
O00182	LGALS9
Q04721	NOTCH2
Q9UM47	NOTCH3
P25116	F2R
Q9H461	FZD8
P37023	ACVRL1
O15162	PLSCR1
Q6UWZ7	ABRAXAS1
O00743	PPP6C
P56705	WNT4
P62258	YWHAE
P63104	YWHAZ
P09693	CD3G
Q8NFZ5	TNIP2
Q9Y6C5	PTCH2
O43525	KCNQ3
O43526	KCNQ2
O95819	MAP4K4
P34925	RYK
Q8IWV8	UBR2
P01732	CD8A
Q9HAB3	SLC52A2
Q13094	LCP2
Q9H0R8	GABARAPL1
Q9H3S7	PTPN23
P10600	TGFB3
Q9BY84	DUSP16
Q9Y6R0	NUMBL
P32927	CSF2RB
P61244	MAX
Q9BQS8	FYCO1
Q13905	RAPGEF1
Q99835	SMO
P61812	TGFB2
P09769	FGR
O14544	SOCS6
Q9BXL7	CARD11
Q9UKW4	VAV3
Q9ULV8	CBLC
P83916	CBX1
O15264	MAPK13
Q8N6I1	EID2
P62826	RAN
P56704	WNT3A
Q14397	GCKR
P07766	CD3E
P20023	CR2
Q9NP31	SH2D2A
O14625	CXCL11
P15923	TCF3
P15884	TCF4
Q9UQB3	CTNND2
P19022	CDH2
Q7LDG7	RASGRP2
P29374	ARID4A
Q9Y2R2	PTPN22
Q13480	GAB1
O95425	SVIL
Q8TC07	TBC1D15
P39748	FEN1
Q7Z589	EMSY
Q92844	TANK
O43294	TGFB1I1
P35626	GRK3
Q9Y2X7	GIT1
P49116	NR2C2
P52306	RAP1GDS1
Q86X95	CIR1
Q9Y6W6	DUSP10
O43561	LAT
Q8IZL2	MAML2
Q99466	NOTCH4
O14492	SH2B2
Q04724	TLE1
Q8NET5	NFAM1
P09544	WNT2
P56703	WNT3
O14936	CASK
Q9NR80	ARHGEF4
Q9ULV1	FZD4
P18085	ARF4
P61764	STXBP1
P35658	NUP214
Q14974	KPNB1
P16410	CTLA4
O43187	IRAK2
P14778	IL1R1
Q8IWV7	UBR1
Q9UBS8	RNF14
Q9H2C0	GAN
Q9H4A3	WNK1
P49810	PSEN2
P49768	PSEN1
Q92997	DVL3
P12757	SKIL
P23229	ITGA6
P18510	IL1RN
O75593	FOXH1
Q9UKV0	HDAC9
O43541	SMAD6
Q2M1Z3	ARHGAP31
O00755	WNT7A
Q15797	SMAD1
P60568	IL2
P01589	IL2RA
Q99966	CITED1
Q969U6	FBXW5
Q96JC1	VPS39
Q13573	SNW1
Q96FA3	PELI1
P20273	CD22
P60520	GABARAPL2
P20936	RASA1
Q9Y6W8	ICOS
Q13616	CUL1
Q16512	PKN1
Q9UIW2	PLXNA1
P48745	CCN3
Q96RT1	ERBIN
O15525	MAFG
O95405	ZFYVE9
P11362	FGFR1
P31994	FCGR2B
Q86VP1	TAX1BP1
P62942	FKBP1A
Q9H4L7	SMARCAD1
P41240	CSK
Q99704	DOK1
P08700	IL3
P01730	CD4
O15524	SOCS1
O43597	SPRY2
Q9Y6N9	USH1C
O75791	GRAP2
P35968	KDR
P78314	SH3BP2
P51587	BRCA2
Q9Y484	WDR45
O60239	SH3BP5
P51451	BLK
Q12860	CNTN1
Q9NPB6	PARD6A
O00221	NFKBIE
Q15653	NFKBIB
Q01113	IL9R
Q9H492	MAP1LC3A
P05113	IL5
Q16659	MAPK6
P61073	CXCR4
Q9Y6N8	CDH10
P15248	IL9
P12755	SKI
Q9Y3S1	WNK2
Q8N5C8	TAB3
P01584	IL1B
O75914	PAK3
Q9UJU6	DBNL
P78324	SIRPA
P08138	NGFR
Q13077	TRAF1
Q14596	NBR1
P06729	CD2
Q9NRR8	CDC42SE1
P04150	NR3C1
P13232	IL7
Q9BW66	CINP
Q15256	PTPRR
Q8TAD8	SNIP1
O95257	GADD45G
Q9UQ80	PA2G4
Q96T58	SPEN
O75144	ICOSLG
P54826	GAS1
Q96JK9	MAML3
P49790	NUP153
P61981	YWHAG
Q04917	YWHAH
Q9BXW4	MAP1LC3C
O15164	TRIM24
Q14192	FHL2
Q15583	TGIF1
P27797	CALR
Q13588	GRAP
Q76N89	HECW1
O14559	ARHGAP33
Q03167	TGFBR3
P62070	RRAS2
P31152	MAPK4
Q9NPH3	IL1RAP
Q8WWW0	RASSF5
P07737	PFN1
Q8IY92	SLX4
Q13772	NCOA4
P48552	NRIP1
Q9NR61	DLL4
Q96B97	SH3KBP1
O15357	INPPL1
Q9UJX6	ANAPC2
P63208	SKP1
P42679	MATK
P31946	YWHAB
P15018	LIF
P35225	IL13
Q9UL54	TAOK2
P12643	BMP2
Q13873	BMPR2
P43026	GDF5
Q13705	ACVR2B
P48551	IFNAR2
Q13651	IL10RA
Q9HBE5	IL21R
P19793	RXRA
P01236	PRL
P01241	GH1
P17181	IFNAR1
P15260	IFNGR1
Q969D9	TSLP
P52630	STAT2
Q00978	IRF9
P29459	IL12A
Q13115	DUSP4
P01562	IFNA1
P01562	IFNA13
P01574	IFNB1
P40933	IL15
P56975	NRG3
Q92765	FRZB
Q06413	MEF2C
P01111	NRAS
O14654	IRS4
Q02779	MAP3K10
Q04771	ACVR1
O00238	BMPR1B
Q13202	DUSP8
Q96QV1	HHIP
Q9H1J5	WNT8A
P42701	IL12RB1
P15514	AREG
Q99075	HBEGF
Q8WWG1	NRG4
Q13145	BAMBI
Q16584	MAP3K11
Q9UPT6	MAPK8IP3
Q99650	OSMR
Q9UQ13	SHOC2
Q9HC73	CRLF2
Q9NYJ7	DLL3
Q9NPF7	IL23A
P08887	IL6R
P53778	MAPK12
P53779	MAPK10
P26441	CNTF
P36896	ACVR1B
Q9NSE2	CISH
Q9NYL2	MAP3K20
Q9Y2T1	AXIN2
P98164	LRP2
Q5VWK5	IL23R
Q13387	MAPK8IP2
Q92542	NCSTN
Q13322	GRB10
Q9UHF4	IL20RA
Q8N6P7	IL22RA1
Q96F81	DISP1
P48736	PIK3CG
P38484	IFNGR2
Q96BI3	APH1A
Q96JA1	LRIG1
P60510	PPP4C
P42702	LIFR
Q6EBC2	IL31
P13725	OSM
Q9HBE4	IL21
P03971	AMH
Q16671	AMHR2
P08476	INHBA
P18075	BMP7
P22004	BMP6
Q6KF10	GDF6
P12644	BMP4
Q6IN85	PPP4R3A
Q9BWV1	BOC
Q16878	CDO1
Q9NYY1	IL20
Q9NPH9	IL26
Q9UHD0	IL19
Q8NEV9	IL27
P51654	GPC3
Q13361	MFAP5
O75553	DAB1
Q16619	CTF1
Q8NI17	IL31RA
Q9NYA4	MTMR4
Q12891	HYAL2
P57059	SIK1
P16234	PDGFRA
Q9NRA1	PDGFC
P04085	PDGFA
P01127	PDGFB
P05230	FGF1
P21802	FGFR2
P09038	FGF2
P08620	FGF4
P21781	FGF7
P55075	FGF8
P31371	FGF9
O15520	FGF10
P17948	FLT1
P49765	VEGFB
P20827	EFNA1
P21709	EPHA1
O43921	EFNA2
P29317	EPHA2
P52803	EFNA5
P54756	EPHA5
P54753	EPHB3
Q15768	EFNB3
Q9UF33	EPHA6
P52797	EFNA3
P52798	EFNA4
Q15375	EPHA7
P29322	EPHA8
P54764	EPHA4
P29320	EPHA3
P52799	EFNB2
P54760	EPHB4
P29376	LTK
O15123	ANGPT2
Q02763	TEK
Q15389	ANGPT1
Q9Y264	ANGPT4
O00468	AGRN
Q18PE1	DOK7
Q8IWU2	LMTK2
P30530	AXL
Q14393	GAS6
Q12866	MERTK
Q06418	TYRO3
P39905	GDNF
O43639	NCK2
P51843	NR0B1
P28702	RXRB
Q13133	NR1H3
P55055	NR1H2
P43354	NR4A2
Q92570	NR4A3
P13385	TDGF1
P57105	SYNJ2BP
Q9C0C9	UBE2O
Q13107	USP4
Q9NVW2	RLIM
O95218	ZRANB2
Q9ULC3	RAB23
Q06830	PRDX1
Q96KB5	PBK
O43819	SCO2
Q15121	PEA15
Q08334	IL10RB
Q99062	CSF3R
Q12851	MAP4K2
P40238	MPL
P40225	THPO
P78552	IL13RA1
Q05923	DUSP2
Q12852	MAP3K12
P15509	CSF2RA
O14511	NRG2
P41159	LEP
Q9Y4K4	MAP4K5
Q9UHA4	LAMTOR3
Q7L7X3	TAOK1
Q8NER5	ACVR1C
Q99956	DUSP9
Q9Y5W5	WIF1
P35070	BTC
P34820	BMP8B
Q9Y2E6	DTX4
Q9NS73	MBIP
O14980	XPO1
O00744	WNT10B
O14964	HGS
Q16873	LTC4S
Q8IVH8	MAP4K3
P26992	CNTFR
O43283	MAP3K13
Q9NRF2	SH2B1
Q92935	EXTL1
Q8N752	CSNK1A1L
Q8WTR2	DUSP19
O95071	UBR5
Q96MU8	KREMEN1
Q8NCW0	KREMEN2
O95163	ELP1
P06730	EIF4E
O60271	SPAG9
Q7Z6J0	SH3RF1
Q9Y3M2	CBY1
P20809	IL11
Q6UXL0	IL20RB
Q99717	SMAD5
Q8WXI2	CNKSR2
P36873	PPP1CC
O75807	PPP1R15A
Q9BRX9	WDR83
Q8IU57	IFNLR1
Q9H0M0	WWP1
Q13641	TPBG
Q9H488	POFUT1
O76050	NEURL1
O43312	MTSS1
P43250	GRK6
A7MBM2	DISP2
Q9P2K9	DISP3
Q9UPN9	TRIM33
Q969H4	CNKSR1
O43791	SPOP
Q96AX9	MIB2
Q9H6Z4	RANBP3
Q9Y5X1	SNX9
Q9HCP0	CSNK1G1
P61160	ACTR2
O95390	GDF11
P27539	GDF1
O95972	BMP15
Q96S42	NODAL
O14508	SOCS2
Q13618	CUL3
Q9GZU7	CTDSP1
O14595	CTDSP2
P10071	GLI3
O00512	BCL9
O95476	CTDNEP1
Q9P0W0	IFNK
Q9NZH8	IL36G
Q8IU54	IFNL1
Q8IZJ0	IFNL2
Q8IZI9	IFNL3
Q969J5	IL22RA2
P21741	MDK
Q5VTY9	HHAT
P55001	MFAP2
P49336	CDK8
Q9C0J9	BHLHE41
O14522	PTPRT
P26012	ITGB8
P18564	ITGB6
Q9Y608	LRRFIP2
Q6IMN6	CAPRIN2
Q9GZP0	PDGFD
Q15464	SHB
P10767	FGF6
O60258	FGF17
O76093	FGF18
Q9HCT0	FGF22
P22607	FGFR3
P98077	SHC2
P35916	FLT4
Q04912	MST1R
P23560	BDNF
Q16620	NTRK2
P20783	NTF3
Q16288	NTRK3
P54762	EPHB1
P98172	EFNB1
P55196	AFDN
P21246	PTN
Q9UM73	ALK
P23471	PTPRZ1
P23467	PTPRB
O95841	ANGPTL1
Q08345	DDR1
Q16832	DDR2
P08922	ROS1
Q6ZMQ8	AATK
Q8N488	RYBP
P22670	RFX1
Q9NWQ8	PAG1
P68104	EEF1A1
Q15811	ITSN1
P47736	RAP1GAP
P61224	RAP1B
Q9UEW8	STK39
Q8TEW6	DOK4
P10828	THRB
P10827	THRA
Q96RI1	NR1H4
P10589	NR2F1
P10588	NR2F6
P08235	NR3C2
Q03181	PPARD
O95718	ESRRB
Q9Y5X4	NR2E3
P13056	NR2C1
P20823	HNF1A
Q92556	ELMO1
P22694	PRKACB
P51817	PRKX
Q8TEW0	PARD3
P14598	NCF1
Q15116	PDCD1
P04234	CD3D
P04435	TRBV7-9
Q9UDY8	MALT1
P51681	CCR5
O95622	ADCY5
O43306	ADCY6
P49913	CAMP
O14775	GNB5
P50150	GNG4
Q15257	PTPA
Q12959	DLG1
P08754	GNAI3
P32298	GRK4
P34947	GRK5
P32121	ARRB2
Q68D39	DKFZp686J04131
P09917	ALOX5
P20292	ALOX5AP
P48061	CXCL12
Q99731	CCL19
O00585	CCL21
O15444	CCL25
P27037	ACVR2A
P09529	INHBB
P05111	INHA
P35318	ADM
Q7Z4H4	ADM2
P06881	CALCA
P01258	CALCA
P10092	CALCB
P10997	IAPP
Q9ULZ1	APLN
P0DMC3	APELA
P01019	AGT
P07225	PROS1
P08949	NMB
P07492	GRP
O75888	TNFSF13
O95393	BMP10
P36894	BMPR1A
P22003	BMP5
Q7Z5Y6	BMP8A
Q9UK05	GDF2
P01042	KNG1
P01024	C3
P01031	C5
P39019	RPS19
P06307	CCK
P01350	GAST
Q99616	CCL13
Q16627	CCL14
Q16663	CCL15
P55773	CCL23
P10147	CCL3
P80098	CCL7
Q9Y4X3	CCL27
Q9NRJ3	CCL28
O15467	CCL16
P51671	CCL11
O00175	CCL24
Q9Y258	CCL26
Q92583	CCL17
O00626	CCL22
O15263	DEFB4A
O15263	DEFB4B
P78556	CCL20
P22362	CCL1
P28908	TNFRSF8
P32971	TNFSF8
Q99969	RARRES2
P19957	PI3
Q9UBD9	CLCF1
O75462	CRLF1
P06850	CRH
P55089	UCN
Q96RP3	UCN2
Q969E3	UCN3
P54577	YARS1
P80162	CXCL6
P10145	CXCL8
P09341	CXCL1
P19875	CXCL2
P25025	CXCR2
P19876	CXCL3
P42830	CXCL5
P02775	PPBP
O43927	CXCL13
P78423	CX3CL1
O95150	TNFSF15
P01189	POMC
P01213	PDYN
P01210	PENK
Q92838	EDA
Q6UW88	EPGN
O14944	EREG
P05305	EDN1
P20800	EDN2
P14138	EDN3
O95750	FGF19
P22455	FGFR4
P15692	VEGFA
P49767	VEGFC
O43915	VEGFD
Q8IVG9	MT-RNR2
P0DJI8	SAA1
Q9NRV9	HEBP1
P01215	CGA
P01225	FSHB
P22466	GAL
Q9BT56	SPX
Q99988	GDF15
Q9UBU3	GHRL
P01286	GHRH
P09681	GIP
P01275	GCG
Q9UNG2	TNFSF18
Q9Y5U5	TNFRSF18
O43555	GNRH2
P55107	GDF10
Q9NR23	GDF3
Q7Z4P5	GDF7
O60383	GDF9
P01242	GH2
P01160	NPPA
P16066	NPR1
P16860	NPPB
P20594	NPR2
P23582	NPPC
P25092	GUCY2C
Q02747	GUCA2A
Q16661	GUCA2B
P43080	GUCA1A
Q02846	GUCY2D
Q9UMX6	GUCA1B
P51841	GUCY2F
Q7Z6A9	BTLA
Q92956	TNFRSF14
P07602	PSAP
Q2MKA7	RSPO1
Q6UXX9	RSPO2
Q9BXY4	RSPO3
Q2I0M5	RSPO4
Q4LDE5	SVEP1
P01566	IFNA10
P01570	IFNA14
P05015	IFNA16
P01571	IFNA17
P01563	IFNA2
P01568	IFNA21
P05014	IFNA4
P01569	IFNA5
P05013	IFNA6
P01567	IFNA7
P32881	IFNA8
P05000	IFNW1
P29460	IL12B
Q9P0M4	IL17C
Q16552	IL17A
Q96F46	IL17RA
Q96PD4	IL17F
Q14116	IL18
Q9NZH6	IL37
Q9UHF5	IL17B
Q9H293	IL25
Q14213	EBI3
O95760	IL33
Q01638	IL1RL1
Q9UHA7	IL36A
Q9NZH7	IL36B
Q9UBH0	IL36RN
Q15726	KISS1
P0DN86	CGB3
P0DN86	CGB5
P0DN86	CGB8
P01229	LHB
P20382	PMCH
O00253	AGRP
P12872	MLN
Q15746	MYLK
P61366	OSTN
P34130	NTF4
P20366	TAC1
Q9UHF0	TAC3
Q5H8A3	NMS
P48645	NMU
Q13519	PNOC
Q8NG41	NPB
Q8N729	NPW
O15130	NPFF
Q9HCQ7	NPVF
P0C0P6	NPS
P30990	NTS
P01178	OXT
P01185	AVP
P23510	TNFSF4
P43489	TNFRSF4
O43612	HCRT
P18509	ADCYAP1
P41586	ADCYAP1R1
P01282	VIP
P58294	PROK1
Q9HC23	PROK2
P84077	ARF1
Q9NZQ7	CD274
P0DML2	CSH1
P0DML3	CSH2
Q14406	CSHL1
P81277	PRLH
P12272	PTHLH
P01303	NPY
Q96A98	PTH2
P83859	QRFP
O14788	TNFSF11
P04090	RLN2
P04808	RLN1
Q8WXF3	RLN3
P51460	INSL3
Q9Y5Q6	INSL5
P09683	SCT
P16109	SELP
Q14242	SELPLG
O00230	CORT
P61278	SST
O14836	TNFRSF13B
P01222	TSHB
O43508	TNFSF12
O95399	UTS2
Q765I0	UTS2B
P47992	XCL1
Q9UBD3	XCL2
P10082	PYY
P01298	PPY
Q99986	VRK1
Q96PV0	SYNGAP1
P46940	IQGAP1
P05556	ITGB1
Q13418	ILK
P36402	TCF7
Q86UR5	RIMS1
P20336	RAB3A
P21579	SYT1
Q8WZA2	RAPGEF4
P08908	HTR1A
Q14012	CAMK1
Q8IV61	RASGRP3
P62834	RAP1A
Q8N2Q7	NLGN1
Q03060	CREM
Q9Y2W7	KCNIP3
Q8N4C8	MINK1
Q9BXL6	CARD14
Q16566	CAMK4
P08172	CHRM2
P30872	SSTR1
P30874	SSTR2
P21728	DRD1
P28223	HTR2A
P25105	PTAFR
P11229	CHRM1
Q14344	GNA13
Q13639	HTR4
P09455	RBP1
P51572	BCAP31
P39687	ANP32A
Q9UGP8	SEC63
P78352	DLG4
P16591	FER
Q07960	ARHGAP1
O75116	ROCK2
O00418	EEF2K
P32004	L1CAM
Q9Y2J0	RPH3A
P30542	ADORA1
P35348	ADRA1A
P08913	ADRA2A
P24588	AKAP5
Q9Y4G8	RAPGEF2
P31150	GDI1
P63092	GNAS
P07550	ADRB2
Q13277	STX3
O43609	SPRY1
P29274	ADORA2A
Q92888	ARHGEF1
Q03113	GNA12
Q99418	CYTH2
Q9NYI0	PSD3
Q13237	PRKG2
Q92823	NRCAM
P46663	BDKRB1
Q13972	RASGRF1
O43374	RASA4
O95398	RAPGEF3
Q13362	PPP2R5C
Q92558	WASF1
Q9H1A4	ANAPC1
Q71U36	TUBA1A
P68363	TUBA1B
Q9Y6D5	ARFGEF2
P02751	FN1
Q96FS4	SIPA1
Q8N6T3	ARFGAP1
P49798	RGS4
P49795	RGS19
O60237	PPP1R12B
P55085	F2RL1
P07477	PRSS1
P17600	SYN1
P19086	GNAZ
Q9Y6F9	WNT6
P08173	CHRM4
Q9NRD5	PICK1
O15079	SNPH
Q9NSB8	HOMER2
P10606	COX5B
Q13075	NAIP
P84074	HPCA
Q9Y566	SHANK1
Q8NFW9	MYRIP
O94856	NFASC
Q16555	DPYSL2
P10636	MAPT
P61011	SRP54
Q8TCW9	PROKR1
P55010	EIF5
O75822	EIF3J
O15304	SIVA1
P18433	PTPRA
P53680	AP2S1
Q9UBS5	GABBR1
Q08499	PDE4D
Q9NQ66	PLCB1
O14795	UNC13B
P61925	PKIA
P05120	SERPINB2
Q13522	PPP1R1A
Q5VWX1	KHDRBS2
O14490	DLGAP1
P78509	RELN
Q7L0J3	SV2A
Q9NZN5	ARHGEF12
P11171	EPB41
Q9BQ69	MACROD1
Q13323	BIK
Q8NFX7	STXBP6
P34972	CNR2
P16157	ANK1
Q14831	GRM7
P30626	SRI
Q14183	DOC2A
P35462	DRD3
Q9Y6J0	CABIN1
Q9H3Z4	DNAJC5
Q10567	AP1B1
P02452	COL1A1
P04004	VTN
P02671	FGA
P41143	OPRD1
P41145	OPRK1
P41146	OPRL1
Q12879	GRIN2A
P10114	RAP2A
Q8TCT0	CERK
P17861	XBP1
P19484	TFEB
Q9UBS0	RPS6KB2
P54619	PRKAG1
P58004	SESN2
Q9BRR0	ZKSCAN3
O14682	ENC1
P06454	PTMA
P08238	HSP90AB1
P11678	EPX
P17535	JUND
P25713	MT3
P35354	PTGS2
Q96HS1	PGAM5
Q9ULX9	MAFF
Q9Y5S8	NOX1
Q8IUD2	ERC1
P19784	CSNK2A2
P49959	MRE11
Q13404	UBE2V1
Q9BQ95	ECSIT
P18428	LBP
Q9Y6Y9	LY96
P08571	CD14
Q96C10	DHX58
Q9H171	ZBP1
Q5XLA6	CARD17P
Q9Y239	NOD1
Q9NPP4	NLRC4
Q9H257	CARD9
Q8WXC3	PYDC1
Q15654	TRIP6
Q96EQ8	RNF125
Q03518	TAP1
Q03519	TAP2
P61769	B2M
O15533	TAPBP
P30101	PDIA3
P13667	PDIA4
Q14554	PDIA5
Q15084	PDIA6
P28068	HLA-DMB
P28067	HLA-DMA
Q9NR31	SAR1A
P01920	HLA-DQB1
P79483	HLA-DRB3
P05538	HLA-DQB2
P01909	HLA-DQA1
Q30154	HLA-DRB5
P01906	HLA-DQA2
P13765	HLA-DOB
P04440	HLA-DPB1
P06340	HLA-DOA
P01903	HLA-DRA
P13762	HLA-DRB4
P01911	HLA-DRB1
P20036	HLA-DPA1
P04233	CD74
P49662	CASP4
Q9BX69	CARD6
Q99575	POP1
Q56P42	PYDC2
Q9UFF9	CNOT8
Q9HBU9	POPDC2
O14907	TAX1BP3
O14908	GIPC1
O14910	LIN7A
Q5T2W1	PDZK1
Q86UL8	MAGI2
P29074	PTPN4
O15197	EPHB6
Q00013	MPP1
Q07157	TJP1
Q13424	SNTA1
Q13425	SNTB2
Q15599	NHERF2
Q15700	DLG2
Q8N3R9	PALS1
Q8NI35	PATJ
Q92796	DLG3
Q5TCQ9	MAGI3
Q9HAP6	LIN7B
Q9HD26	GOPC
O00192	ARVCF
Q9NSN8	SNTG1
Q9NY99	SNTG2
Q9UPX8	SHANK2
Q9P1A6	DLGAP2
P41968	MC3R
Q92913	FGF13
Q92914	FGF11
O75716	STK16
P38435	GGCX
Q9Y4B6	DCAF1
P35367	HRH1
O00254	F2RL2
Q9H0N0	RAB6C
O43613	HCRTR1
Q14689	DIP2A
P17481	HOXB8
Q15013	MAD2L1BP
O00330	PDHX
Q86XK2	FBXO11
B0YJ81	HACD1
Q15398	DLGAP5
Q9P278	FNIP2
P43115	PTGER3
P42658	DPP6
O43614	HCRTR2
P35414	APLNR
Q9NYY3	PLK2
P35548	MSX2
Q07687	DLX2
Q14563	SEMA3A
Q9UBI6	GNG12
Q9HBW0	LPAR2
Q8N0W4	NLGN4X
Q8IZY2	ABCA7
Q9Y2H0	DLGAP4
Q13555	CAMK2G
Q8NFZ3	NLGN4Y
Q8NFZ4	NLGN2
Q9P2S2	NRXN2
Q9NZ94	NLGN3
Q14680	MELK
Q9BZL6	PRKD2
P28566	HTR1E
P23470	PTPRG
O00187	MASP2
O60282	KIF5C
Q13131	PRKAA1
P43657	LPAR6
Q99608	NDN
P00813	ADA
Q9BQL6	FERMT1
Q9UBY8	CLN8
Q8N163	CCAR2
P32239	CCKBR
Q14669	TRIP12
Q15392	DHCR24
Q00526	CDK3
Q14493	SLBP
P41595	HTR2B
O00444	PLK4
Q15077	P2RY6
P49842	STK19
O15294	OGT
P08670	VIM
P26718	KLRK1
Q9BZM5	ULBP2
Q9UN37	VPS4A
Q9HDB5	NRXN3
Q9Y5H9	PCDHA2
P15172	MYOD1
Q6STE5	SMARCD3
P12270	TPR
Q8WXX7	AUTS2
Q9H1J7	WNT5B
Q15300	RET/PTC2
Q8IXW5	RPAP2
O60882	MMP20
Q9Y5I2	PCDHA10
P35555	FBN1
P48145	NPBWR1
P54646	PRKAA2
Q8WUW1	BRK1
P00748	F12
P49286	MTNR1B
Q96CV9	OPTN
O96013	PAK4
Q9NQS5	GPR84
Q99542	MMP19
Q03188	CENPC
Q86Y07	VRK2
P49683	PRLHR
Q9UPQ7	PDZRN3
Q8WV44	TRIM41
Q13283	G3BP1
P08247	SYP
O95271	TNKS
Q9NWF9	RNF216
P19474	TRIM21
Q92600	CNOT9
O75182	SIN3B
P28360	MSX1
P50458	LHX2
P47900	P2RY1
O60291	MGRN1
P51668	UBE2D1
P24158	PRTN3
P51582	P2RY4
Q96SN8	CDK5RAP2
O94986	CEP152
Q96MT8	CEP63
O43379	WDR62
Q6VVB1	NHLRC1
O95278	EPM2A
Q96P68	OXGR1
Q9UI12	ATP6V1H
Q15818	NPTX1
P04275	VWF
Q9UNA0	ADAMTS5
Q2M1P5	KIF7
Q9H4B6	SAV1
Q5JWF2	GNAS
P08588	ADRB1
P13945	ADRB3
Q99705	MCHR1
O00533	CHL1
Q15391	P2RY14
A6NJZ7	RIMBP3C
Q9UJM3	ERRFI1
P21918	DRD5
Q8NG68	TTL
Q8TEB7	RNF128
Q96Q27	ASB2
P25021	HRH2
Q08378	GOLGA3
Q969P5	FBXO32
O60469	DSCAM
P08254	MMP3
Q96DX5	ASB9
Q8N9B5	JMY
P55040	GEM
Q9UDY2	TJP2
Q13554	CAMK2B
Q9Y6E2	BZW2
Q86VZ6	JAZF1
Q15011	HERPUD1
O00560	SDCBP
Q9UBF1	MAGEC2
P55072	VCP
Q6IQ23	PLEKHA7
Q9HCU9	BRMS1
O96018	APBA3
Q9NTX7	RNF146
Q14738	PPP2R5D
Q9NZS9	BFAR
O00506	STK25
Q5JTC6	AMER1
P55283	CDH4
Q15835	GRK1
Q15154	PCM1
Q7Z6E9	RBBP6
O43781	DYRK3
Q15120	PDK3
P48454	PPP3CC
Q9NX24	NHP2
P30153	PPP2R1A
Q9H0K1	SIK2
P50552	VASP
Q9Y2I6	NINL
P62714	PPP2CB
Q9UL15	BAG5
Q96M91	CFAP53
P18074	ERCC2
P19447	ERCC3
Q12955	ANK3
O14647	CHD2
Q5TD97	FHL5
Q9HAU5	UPF2
P07478	PRSS2
A6NNM3	RIMBP3B
Q96FE7	PIK3IP1
Q9UIF8	BAZ2B
Q99942	RNF5
O14874	BCKDK
Q5T9L3	WLS
Q96QE3	ATAD5
Q9Y6E7	SIRT4
O75152	ZC3H11A
Q96S44	TP53RK
Q16654	PDK4
Q9Y3R0	GRIP1
Q14CS0	UBXN2B
P59768	GNG2
O14730	RIOK3
Q96QT6	PHF12
P12814	ACTN1
Q9NRW1	RAB6B
Q15848	ADIPOQ
Q9H2K2	TNKS2
Q8WY64	MYLIP
Q9HCN8	SDF2L1
Q5VZV1	METTL21C
Q92565	RAPGEF5
O14713	ITGB1BP1
Q01453	PMP22
P17693	HLA-G
Q8NHL6	LILRB1
P31943	HNRNPH1
Q13591	SEMA5A
Q9ULL4	PLXNB3
Q96JM3	CHAMP1
P17480	UBTF
P30411	BDKRB2
Q9NYV6	RRN3
Q9HBW1	LRRC4
P30550	GRPR
P32238	CCKAR
P51816	AFF2
P35240	NF2
Q92576	PHF3
Q5JU85	IQSEC2
Q6PJG9	LRFN4
Q96BR1	SGK3
Q9UPQ9	TNRC6B
Q00403	GTF2B
P32249	GPR183
P34969	HTR7
P50406	HTR6
P03956	MMP1
Q9UMS4	PRPF19
Q8TAB3	PCDH19
Q7Z569	BRAP
O60907	TBL1X
Q9Y577	TRIM17
Q5XPI4	RNF123
Q9H4M3	FBXO44
Q8NC42	RNF149
O43567	RNF13
Q9H0H3	KLHL25
Q96EP0	RNF31
Q9Y574	ASB4
Q2Q1W2	TRIM71
Q8WXH4	ASB11
P07339	CTSD
Q13217	DNAJC3
Q02952	AKAP12
Q99767	APBA2
Q92633	LPAR1
P30519	HMOX2
Q6ZRS2	SRCAP
Q9H228	S1PR5
P50570	DNM2
Q16816	PHKG1
Q9UHC7	MKRN1
O75056	SDC3
P47211	GALR1
Q92973	TNPO1
Q5TCY1	TTBK1
P78563	ADARB1
Q13129	RLF
O14929	HAT1
Q9BYP7	WNK3
Q9GZQ6	NPFFR1
Q9UJP4	KLHL21
O95477	ABCA1
P02647	APOA1
Q9NUX5	POT1
P45973	CBX5
P84243	H3-3A
P84243	H3-3B
P80370	DLK1
Q9UBX5	FBLN5
Q9GZV5	WWTR1
Q4G148	GXYLT1
Q92544	TM9SF4
P01008	SERPINC1
Q04446	GBE1
O60858	TRIM13
Q9H3K2	GHITM
O15034	RIMBP2
P22894	MMP8
Q8NFP9	NBEA
Q7Z570	ZNF804A
P08311	CTSG
O75151	PHF2
Q14865	ARID5B
P24821	TNC
Q9BWP8	COLEC11
O43164	PJA2
P23946	CMA1
Q9Y4H4	GPSM3
P39900	MMP12
P35452	HOXD12
Q9UM11	FZR1
Q9P2R6	RERE
Q9Y266	NUDC
Q9HC97	GPR35
P08123	COL1A2
Q14332	FZD2
P45452	MMP13
P54821	PRRX1
P61328	FGF12
P43146	DCC
Q9HD67	MYO10
Q15722	LTB4R
Q01955	COL4A3
Q12770	SCAP
P46695	IER3
Q7KZF4	SND1
O14602	EIF1AY
Q14232	EIF2B1
Q9NR50	EIF2B3
Q7Z3C6	ATG9A
P57729	RAB38
Q9Y271	CYSLTR1
O43592	XPOT
Q15652	JMJD1C
P23769	GATA2
Q9NV92	NDFIP2
Q96G30	MRAP2
Q96ED9	HOOK2
Q96RK0	CIC
Q5JRX3	PITRM1
P05091	ALDH2
Q8IV08	PLD3
P02461	COL3A1
P08912	CHRM5
Q9Y2J4	AMOTL2
Q92847	GHSR
P18858	LIG1
Q96G91	P2RY11
P0C2W1	FBXO45
Q96LB1	MRGPRX2
Q9HC56	PCDH9
Q9NRD1	FBXO6
O60613	SELENOF
P30559	OXTR
Q8IXJ9	ASXL1
P28066	PSMA5
Q9UKA1	FBXL5
O95886	DLGAP3
Q9UKC9	FBXL2
Q8TAS1	UHMK1
P35368	ADRA1B
Q96RI0	F2RL3
Q8TAF8	LHFPL5
P05106	ITGB3
Q92785	DPF2
Q96PU4	UHRF2
Q15669	RHOH
Q5FBB7	SGO1
Q6KC79	NIPBL
Q7Z6I6	ARHGAP30
P49356	FNTB
Q9H1C0	LPAR5
A4D2P6	GRID2IP
Q02930	CREB5
P48740	MASP1
P51610	HCFC1
O00398	P2RY10
Q16829	DUSP7
Q03405	PLAUR
Q86UX7	FERMT3
P0DMV9	HSPA1B
Q9HCE1	MOV10
Q9Y6B2	EID1
Q00341	HDLBP
Q05519	SRSF11
Q9NQL2	RRAGD
Q8NHG7	SVIP
Q9UBY5	LPAR3
O75592	MYCBP2
P56706	WNT7B
Q9UNW8	GPR132
Q16825	PTPN21
O43865	AHCYL1
O60481	ZIC3
Q9UKP6	UTS2R
P41594	GRM5
Q9Y5X5	NPFFR2
Q9Y4W2	LAS1L
O43663	PRC1
O14842	FFAR1
P20309	CHRM3
Q13351	KLF1
O75688	PPM1B
Q9UHD9	UBQLN2
Q8IXL6	FAM20C
Q96KG7	MEGF10
O00631	SLN
Q14469	HES1
Q92835	INPP5D
Q86VG3	IFTAP
Q9UNH5	CDC14A
O15439	ABCC4
P41225	SOX3
Q96JM2	ZNF462
P18089	ADRA2B
P21917	DRD4
O43157	PLXNB1
Q92854	SEMA4D
P31947	SFN
Q93038	TNFRSF25
Q9Y570	PPME1
P18825	ADRA2C
P55895	RAG2
P21453	S1PR1
Q9UBF6	RNF7
Q9ULT6	ZNRF3
P00742	F10
P08709	F7
Q5H9F3	BCORL1
Q9HBY8	SGK2
P25100	ADRA1D
Q7Z7A1	CNTRL
Q9UEE5	STK17A
Q8TAP6	CEP76
P32245	MC4R
Q96AC1	FERMT2
P33032	MC5R
Q16514	TAF12
P04201	MAS1
Q93097	WNT2B
Q9UN75	PCDHA12
P24723	PRKCH
Q15582	TGFBI
P34995	PTGER1
Q969V1	MCHR2
Q8TDX7	NEK7
Q09013	DMPK
P24530	EDNRB
Q9NQX3	GPHN
O14905	WNT9B
O43603	GALR2
Q96LB2	MRGPRX1
Q92748	THRSP
P25103	TACR1
Q13469	NFATC2
Q99500	S1PR3
P35408	PTGER4
P36508	ZNF76
P62820	RAB1A
O95747	OXSR1
P08603	CFH
Q14980	NUMA1
P28335	HTR2C
Q9Y2K7	KDM2A
Q8IYK4	COLGALT2
Q8NBJ5	COLGALT1
Q8IYT4	KATNAL2
Q9ULU8	CADPS
Q9H300	PARL
P00747	PLG
P00750	PLAT
P24752	ACAT1
Q9NYV4	CDK12
Q07021	C1QBP
P30556	AGTR1
P25101	EDNRA
P28336	NMBR
O75665	OFD1
P29275	ADORA2B
Q96KG9	SCYL1
Q14919	DRAP1
Q6W2J9	BCOR
Q6ZUJ8	PIK3AP1
O75636	FCN3
P11226	MBL2
Q96BN8	OTULIN
Q15485	FCN2
Q9Y6I3	EPN1
Q9Y463	DYRK1B
Q9Y4D8	HECTD4
O00303	EIF3F
P47901	AVPR1B
Q04323	UBXN1
P40818	USP8
Q8TCY5	MRAP
O15013	ARHGEF10
P33176	KIF5B
Q9NXV6	CDKN2AIP
Q01973	ROR1
P43116	PTGER2
Q14190	SIM2
P28300	LOX
Q8TBJ4	PLPPR1
Q10571	MN1
Q9NWS0	PIH1D1
Q96NX5	CAMK1G
Q9NPG1	FZD3
Q01726	MC1R
Q8TD84	DSCAML1
P05164	MPO
Q7Z553	MDGA2
Q5NUL3	FFAR4
P56178	DLX5
Q6ZN44	UNC5A
Q8TDV5	GPR119
Q99576	TSC22D3
Q8N5V2	NGEF
Q86V24	ADIPOR2
Q13258	PTGDR
Q9P227	ARHGAP23
Q96C90	PPP1R14B
Q9UJY1	HSPB8
Q13253	NOG
Q13304	GPR17
P29371	TACR3
Q86T82	USP37
P16144	ITGB4
Q96F24	NRBF2
P00749	PLAU
Q92481	TFAP2B
Q6PIL6	KCNIP4
Q9P2E7	PCDH10
Q8TF30	WHAMM
Q13467	FZD5
P36406	TRIM23
Q9UBP5	HEY2
Q13557	CAMK2D
Q9ULJ6	ZMIZ1
Q86YJ5	MARCHF9
Q96FE5	LINGO1
Q9NQC3	RTN4
Q8WZ73	RFFL
Q9UQ52	CNTN6
Q96Q05	TRAPPC9
Q9UQB9	AURKC
Q16891	IMMT
Q01850	CDR2
Q9UJZ1	STOML2
P43119	PTGIR
P08100	RHO
Q13951	CBFB
Q9UJD0	RIMS3
Q9UQ26	RIMS2
P42127	ASIP
Q8N556	AFAP1
Q6P5Z2	PKN3
P31321	PRKAR1B
P15173	MYOG
P09237	MMP7
Q9BPV8	P2RY13
Q99741	CDC6
Q5VWC8	HACD4
Q6Y1H2	HACD2
P32942	ICAM3
Q99677	LPAR4
O60346	PHLPP1
Q16549	PCSK7
O43303	CCP110
P49759	CLK1
Q14444	CAPRIN1
Q9GZQ4	NMUR2
Q9UKA9	PTBP2
O75122	CLASP2
Q9NXA8	SIRT5
P49770	EIF2B2
O95433	AHSA1
Q9H158	PCDHAC1
Q96H22	CENPN
P36544	CHRNA7
Q8WWQ0	PHIP
P54792	DVL1P1
Q3MIX3	ADCK5
Q9C0H5	ARHGAP39
Q9NS75	CYSLTR2
Q13144	EIF2B5
Q99748	NRTN
Q14957	GRIN2C
P02649	APOE
Q15643	TRIP11
Q02086	SP2
Q9Y3I1	FBXO7
Q6UWE0	LRSAM1
P21731	TBXA2R
O75159	SOCS5
P63215	GNG3
O95633	FSTL3
P43320	CRYBB2
Q9UKT8	FBXW2
Q9ULB1	NRXN1
P31323	PRKAR2B
P15735	PHKG2
P46020	PHKA1
Q70EL2	USP45
Q14432	PDE3A
P45974	USP5
O14818	PSMA7
Q12972	PPP1R8
Q2M2I8	AAK1
Q6PML9	SLC30A9
Q9Y478	PRKAB1
P63211	GNGT1
O75364	PITX3
Q13564	NAE1
Q15386	UBE3C
Q9NV58	RNF19A
Q9UKI8	TLK1
O14981	BTAF1
O60462	NRP2
O95628	CNOT4
Q8IZL9	CDK20
P0DN87	CGB7
Q92626	PXDN
Q75N03	CBLL1
Q96CW1	AP2M1
Q12837	POU4F2
Q5T0T0	MARCHF8
A6NLU0	RFPL4A
Q9BXC1	GPR174
Q9P035	HACD3
Q9Y314	NOSIP
Q7Z419	RNF144B
P10909	CLU
P81133	SIM1
P15374	UCHL3
Q99590	SCAF11
P11142	HSPA8
Q9NZ42	PSENEN
Q8TDC3	BRSK1
P0C0S8	H2AC11
P0C0S8	H2AC13
P0C0S8	H2AC15
P0C0S8	H2AC16
P0C0S8	H2AC17
O94874	UFL1
Q9H211	CDT1
P56278	MTCP1
P41231	P2RY2
A8MUP2	CSKMT
Q99698	LYST
P49335	POU3F4
Q92879	CELF1
P01009	SERPINA1
Q8WW43	APH1B
O94889	KLHL18
O95407	TNFRSF6B
Q9Y2G0	EFR3B
Q7Z6B7	SRGAP1
Q9NY28	GALNT8
Q8WZ64	ARAP2
Q9NRY4	ARHGAP35
O14994	SYN3
P15311	EZR
P14174	MIF
Q9BYB0	SHANK3
Q96K30	RITA1
Q15172	PPP2R5A
Q9NP77	SSU72
Q7Z412	PEX26
P19544	WT1
Q6PHR2	ULK3
O00505	KPNA3
Q9C0A6	SETD5
P19883	FST
Q9H244	P2RY12
Q13185	CBX3
Q9UIC8	LCMT1
P09601	HMOX1
Q9NXK8	FBXL12
Q9UKA4	AKAP11
Q14CB8	ARHGAP19
P32780	GTF2H1
Q03112	MECOM
O15146	MUSK
O96014	WNT11
O96028	NSD2
Q09161	NCBP1
P12821	ACE
Q96MG7	NSMCE3
Q16576	RBBP7
Q14703	MBTPS1
Q9ULH1	ASAP1
Q9C0F0	ASXL3
Q9H093	NUAK2
Q9NRR5	UBQLN4
P28358	HOXD10
P05362	ICAM1
P20701	ITGAL
O94921	CDK14
Q8ND76	CCNY
P48742	LHX1
Q00005	PPP2R2B
P15169	CPN1
O43193	MLNR
Q68CZ1	RPGRIP1L
Q9HCJ2	LRRC4C
O00571	DDX3X
O15194	CTDSPL
P37088	SCNN1A
Q03431	PTH1R
Q8N6D2	RNF182
Q15637	SF1
Q15067	ACOX1
Q9UIF7	MUTYH
P31391	SSTR4
Q96RJ3	TNFRSF13C
O14519	CDK2AP1
Q9P1W9	PIM2
A0PJZ3	GXYLT2
Q9Y575	ASB3
P09238	MMP10
Q9UQE7	SMC3
P14780	MMP9
Q96RU7	TRIB3
Q9UNZ2	NSFL1C
P51813	BMX
O60285	NUAK1
Q9H8S9	MOB1A
Q8N2C7	UNC80
Q12904	AIMP1
Q9UNS2	COPS3
O75717	WDHD1
Q13615	MTMR3
Q96JP5	ZFP91
Q6PIJ6	FBXO38
Q9UQL6	HDAC5
Q6T4R5	NHS
P51531	SMARCA2
Q5TCX8	MAP3K21
Q13148	TARDBP
Q8NF50	DOCK8
Q9UN73	PCDHA6
Q5VWQ8	DAB2IP
Q9GZY8	MFF
Q8IWJ2	GCC2
Q96R06	SPAG5
Q9Y5Z9	UBIAD1
P52565	ARHGDIA
Q17R89	ARHGAP44
Q13049	TRIM32
Q13239	SLA
Q86XI6	PPP1R3B
Q9UQK1	PPP1R3C
Q9BX66	SORBS1
Q05086	UBE3A
Q92615	LARP4B
O60664	PLIN3
P49459	UBE2A
Q8NC96	NECAP1
P15927	RPA2
Q13637	RAB32
Q9BSJ6	PIMREG
Q86T96	RNF180
P16519	PCSK2
Q92824	PCSK5
O95631	NTN1
P53990	IST1
O95136	S1PR2
Q9UL68	MYT1L
O60502	OGA
P50461	CSRP3
Q9NY33	DPP3
P05121	SERPINE1
P11940	PABPC1
Q14694	USP10
Q9UK99	FBXO3
P25440	BRD2
O75838	CIB2
P08174	CD55
P48960	ADGRE5
O95372	LYPLA2
Q8N1I0	DOCK4
Q16650	TBR1
P27540	ARNT
Q9BV47	DUSP26
P55795	HNRNPH2
O43307	ARHGEF9
Q92945	KHSRP
Q70E73	RAPH1
Q9HC98	NEK6
P20396	TRH
Q9HB63	NTN4
Q15276	RABEP1
O94901	SUN1
O43295	SRGAP3
O60832	DKC1
O43236	SEPTIN4
Q0VAM2	RASGEF1B
Q4KMG0	CDON
O00222	GRM8
P49755	TMED10
Q9ULB4	CDH9
Q9BYV8	CEP41
Q15833	STXBP2
O14904	WNT9A
Q8TD19	NEK9
Q9Y6C9	MTCH2
Q16633	POU2AF1
Q58F21	BRDT
Q96KN7	RPGRIP1
P09211	GSTP1
Q12986	NFX1
P15882	CHN1
Q6ZVD8	PHLPP2
Q9Y5I0	PCDHA13
P55287	CDH11
P03951	F11
A8K4G0	CD300LB
P16520	GNB3
Q5EBL8	PDZD11
Q9UJ99	CDH22
A1X283	SH3PXD2B
P23588	EIF4B
P69905	HBA1
P69905	HBA2
P20810	CAST
Q8N2H9	PELI3
Q7Z6J4	FGD2
Q8WWN8	ARAP3
Q92502	STARD8
Q96N96	SPATA13
Q96P48	ARAP1
Q96PX9	PLEKHG4B
O75365	PTP4A3
P56589	PEX3
O43542	XRCC3
Q92915	FGF14
Q12907	LMAN2
Q8N1W1	ARHGEF28
Q96N16	JAKMIP1
P26022	PTX3
Q6PKG0	LARP1
Q08AM6	VAC14
P30405	PPIF
Q9Y3V2	RWDD3
P08246	ELANE
Q8TCQ1	MARCHF1
P37198	NUP62
O43711	TLX3
Q9P253	VPS18
Q9NX95	SYBU
Q86UR1	NOXA1
O75962	TRIO
Q15131	CDK10
Q9Y3C5	RNF11
Q92734	TFG
Q96SB3	PPP1R9B
P53602	MVD
Q9UP38	FZD1
P98171	ARHGAP4
Q6N021	TET2
P35790	CHKA
P13807	GYS1
P04070	PROC
P12259	F5
P25791	LMO2
P37840	SNCA
Q99527	GPER1
P28221	HTR1D
Q13451	FKBP5
P09132	SRP19
Q96JC9	EAF1
O43933	PEX1
O75381	PEX14
P43378	PTPN9
P23469	PTPRE
P58401	NRXN2
P47813	EIF1AX
P47712	PLA2G4A
Q8NF91	SYNE1
O60755	GALR3
P33076	CIITA
P48382	RFX5
O15552	FFAR2
Q04725	TLE2
P23759	PAX7
Q14157	UBAP2L
O95382	MAP3K6
Q13214	SEMA3B
Q01664	TFAP4
Q15059	BRD3
O95817	BAG3
Q86UW7	CADPS2
O96001	PPP1R17
O60841	EIF5B
O94989	ARHGEF15
P10911	MCF2
Q52LW3	ARHGAP29
P15289	ARSA
Q7Z2W4	ZC3HAV1
Q9H4E7	DEF6
O94813	SLIT2
Q96F44	TRIM11
Q9BRR9	ARHGAP9
Q6UB99	ANKRD11
Q92560	BAP1
Q15173	PPP2R5B
P54727	RAD23B
Q08828	ADCY1
P17302	GJA1
O60542	PSPN
O00566	MPHOSPH10
Q86UE8	TLK2
Q6GQQ9	OTUD7B
Q9ULH7	MRTFB
P34998	CRHR1
Q96B86	RGMA
Q6P1N0	CC2D1A
Q9Y2H1	STK38L
Q9UHC6	CNTNAP2
P52294	KPNA1
Q9P2J9	PDP2
Q4ZG55	GREB1
P61962	DCAF7
P35236	PTPN7
Q99952	PTPN18
Q6ZWJ1	STXBP4
P68871	HBB
P00441	SOD1
Q5TGU0	TSPO2
Q96K19	RNF170
Q9H159	CDH19
Q8WZ74	CTTNBP2
P42681	TXK
Q96IZ0	PAWR
P26232	CTNNA2
P02679	FGG
P35232	PHB1
Q4VCS5	AMOT
P41002	CCNF
Q9H270	VPS11
P62873	GNB1
Q7Z460	CLASP1
Q8NHR7	TERB2
P21462	FPR1
P37288	AVPR1A
Q969V5	MUL1
Q9BQ87	TBL1Y
Q9BT67	NDFIP1
Q9UJ41	RABGEF1
Q96BD5	PHF21A
Q9UI10	EIF2B4
Q86U70	LDB1
P21452	TACR2
P61221	ABCE1
P49411	TUFM
Q92569	PIK3R3
O43852	CALU
Q8N9N5	BANP
Q15056	EIF4H
Q9NPA3	MID1IP1
O60307	MAST3
P27635	RPL10
Q9Y6X0	SETBP1
Q96SL8	FIZ1
Q96K83	ZNF521
P53804	TTC3
Q9Y6M0	PRSS21
P11831	SRF
P29122	PCSK6
P51948	MNAT1
Q96CJ1	EAF2
Q13523	PRPF4B
Q9NX18	SDHAF2
P00797	REN
Q96IV0	NGLY1
Q9C0D0	PHACTR1
P0CG48	UBC
Q15262	PTPRK
Q6ZUM4	ARHGAP27
O43150	ASAP2
Q9HBE1	PATZ1
P20962	PTMS
P05981	HPN
O60504	SORBS3
Q16629	SRSF7
Q8TEU7	RAPGEF6
Q9BY77	POLDIP3
O75177	SS18L1
Q9Y4C0	NRXN3
Q9UPS8	ANKRD26
Q9P2B4	CTTNBP2NL
Q9H3N8	HRH4
Q8IXH6	TP53INP2
Q9NZL9	MAT2B
P52757	CHN2
P35227	PCGF2
Q96HW7	INTS4
P00450	CP
O76039	CDKL5
P43034	PAFAH1B1
Q9Y4I1	MYO5A
Q7Z6G8	ANKS1B
Q15424	SAFB
P10644	PRKAR1A
O43151	TET3
Q5VU43	PDE4DIP
Q5T6F2	UBAP2
Q96A54	ADIPOR1
P02458	COL2A1
Q07002	CDK18
P41236	PPP1R2
Q5T447	HECTD3
Q6ZN04	MEX3B
O95149	SNUPN
Q9H469	FBXL15
Q96M94	KLHL15
Q9BV68	RNF126
P14373	TRIM27
Q6IQ55	TTBK2
P04114	APOB
P55157	MTTP
Q13608	PEX6
P22223	CDH3
P00451	F8
Q9UIJ5	ZDHHC2
P16885	PLCG2
P06744	GPI
O75084	FZD7
P22392	NME2
Q9C0B5	ZDHHC5
Q96AP0	ACD
Q9HCM9	TRIM39
Q76LX8	ADAMTS13
P53611	RABGGTB
Q5D1E8	ZC3H12A
O75487	GPC4
Q06547	GABPB1
P58417	NXPH1
Q92890	UFD1
Q9HB90	RRAGC
O14529	CUX2
O43264	ZW10
Q9H2P0	ADNP
Q00765	REEP5
Q9BTU6	PI4K2A
P49758	RGS6
P55285	CDH6
Q8NFG4	FLCN
Q8NCD3	HJURP
Q02224	CENPE
Q99578	RIT2
Q8WWM7	ATXN2L
Q96CW9	NTNG2
P41597	CCR2
P16949	STMN1
P00746	CFD
Q5MJ70	SPDYA
O43815	STRN
P30154	PPP2R1B
O95988	TCL1B
Q02410	APBA1
P30518	AVPR2
O14827	RASGRF2
Q7Z5H3	ARHGAP22
Q9BW19	KIFC1
Q96M96	FGD4
Q8N653	LZTR1
Q9HAT8	PELI2
O14828	SCAMP3
Q14156	EFR3A
Q9P2N2	ARHGAP28
Q13459	MYO9B
Q8WZ19	KCTD13
Q8WUP2	FBLIM1
Q13492	PICALM
Q9BYM8	RBCK1
Q8TB45	DEPTOR
Q9HCK4	ROBO2
O00213	APBB1
Q0JRZ9	FCHO2
P35346	SSTR5
Q8WXG6	MADD
O94826	TOMM70
Q32MK0	MYLK3
P55290	CDH13
Q96SB4	SRPK1
P00738	HP
Q8IZQ8	MYOCD
Q9BY41	HDAC8
Q07954	LRP1
Q86VS8	HOOK3
Q9NRL3	STRN4
Q9Y4P8	WIPI2
Q8N9B8	RASGEF1A
Q96LT7	C9orf72
O00124	UBXN8
Q96FX8	PERP
P11488	GNAT1
P28356	HOXD9
O00429	DNM1L
P51168	SCNN1B
Q13207	TBX2
Q9H251	CDH23
P49354	FNTA
P43088	PTGFR
Q14186	TFDP1
P35625	TIMP3
Q15042	RAB3GAP1
Q9UH99	SUN2
Q8NBL1	POGLUT1
Q99619	SPSB2
Q9UK22	FBXO2
Q96NI6	LRFN5
P05109	S100A8
P06702	S100A9
Q01484	ANK2
Q9NRD0	FBXO8
Q7Z6M2	FBXO33
P50052	AGTR2
Q9C040	TRIM2
Q9P2G9	KLHL8
P07437	TUBB
O60216	RAD21
Q9UKG1	APPL1
Q86TM6	SYVN1
O75509	TNFRSF21
P01023	A2M
P31948	STIP1
P53999	SUB1
Q9NPA2	MMP25
Q07890	SOS2
Q05193	DNM1
Q9UN72	PCDHA7
Q68DK2	ZFYVE26
Q68DV7	RNF43
Q7Z3K3	POGZ
P52657	GTF2A2
O60641	SNAP91
Q2T9J0	TYSND1
Q92696	RABGGTA
Q15306	IRF4
Q96GD0	PDXP
Q6SA08	TSSK4
O00410	IPO5
Q9UN86	G3BP2
Q8TD10	MIPOL1
O43896	KIF1C
Q13901	C1D
P54840	GYS2
Q8N431	RASGEF1C
Q9UFD9	RIMBP3
Q9BZK7	TBL1XR1
Q6UY11	DLK2
Q6TDP4	KLHL17
Q8NBI6	XXYLT1
Q14767	LTBP2
Q9UKT7	FBXL3
P20742	PZP
P13984	GTF2F2
Q9P2N7	KLHL13
Q99519	NEU1
Q9P2J3	KLHL9
Q96JY6	PDLIM2
P84103	SRSF3
P98160	HSPG2
Q9HB89	NMUR1
Q9UN74	PCDHA4
Q4V328	GRIPAP1
Q9NRI5	DISC1
Q8N4X5	AFAP1L2
P13497	BMP1
P54578	USP14
O95684	CEP43
P15863	PAX1
Q9Y6Q6	TNFRSF11A
Q15661	TPSAB1
O00623	PEX12
Q9Y5K6	CD2AP
O15085	ARHGEF11
Q3KRB8	ARHGAP11B
Q8N103	TAGAP
P28328	PEX2
Q12979	ABR
Q8IYU2	HACE1
Q9H6Q3	SLA2
P47871	GCGR
P35442	THBS2
Q96S66	CLCC1
P60228	EIF3E
Q8IV63	VRK3
P49366	DHPS
Q96RG2	PASK
P42768	WAS
Q9Y625	GPC6
O75386	TULP3
P35712	SOX6
Q8IWQ3	BRSK2
Q9Y5J3	HEY1
Q9H8W4	PLEKHF2
Q99996	AKAP9
P58340	MLF1
Q9BTL3	RAMAC
P46019	PHKA2
Q9NPE3	NOP10
Q14331	FRG1
P16284	PECAM1
P52179	MYOM1
Q8WXE9	STON2
Q66GS9	CEP135
Q8WUI4	HDAC7
Q12974	PTP4A2
P20340	RAB6A
Q9UPZ9	CILK1
Q9BZE9	ASPSCR1
Q8TD08	MAPK15
Q8NEZ5	FBXO22
Q8TE49	OTUD7A
P23515	OMG
Q9Y2Y9	KLF13
Q9UNY4	TTF2
Q14765	STAT4
Q96A26	FAM162A
Q9Y252	RNF6
Q9BYF1	ACE2
Q96PY6	NEK1
O95153	TSPOAP1
P12318	FCGR2A
O15033	AREL1
Q9UI47	CTNNA3
Q9ULB5	CDH7
Q9NPC1	LTB4R2
Q14678	KANK1
P41732	TSPAN7
Q92963	RIT1
P18545	PDE6G
Q8NG31	KNL1
Q99459	CDC5L
P04843	RPN1
Q8TF42	UBASH3B
Q9Y3A6	TMED5
Q96GX5	MASTL
Q9UPC5	GPR34
Q8IZU9	KIRREL3
Q96NR3	PTCHD1
Q15058	KIF14
O95600	KLF8
P02533	KRT14
P10646	TFPI
P16035	TIMP2
Q99959	PKP2
O14656	TOR1A
O15198	SMAD9
Q6K0P9	PYHIN1
P46379	BAG6
P28289	TMOD1
Q93034	CUL5
Q8IYM1	SEPTIN12
Q99814	EPAS1
Q9UBW7	ZMYM2
P49591	SARS1
Q7Z5L9	IRF2BP2
Q8IU81	IRF2BP1
P11215	ITGAM
P13861	PRKAR2A
Q16181	SEPTIN7
Q92953	KCNB2
P19320	VCAM1
Q8TBB1	LNX1
O43184	ADAM12
P16473	TSHR
Q04727	TLE4
P26583	HMGB2
Q12947	FOXF2
O00712	NFIB
P01270	PTH
Q9ULJ8	PPP1R9A
P22415	USF1
P02511	CRYAB
Q6ZMZ0	RNF19B
P68036	UBE2L3
Q96LR5	UBE2E2
P29120	PCSK1
Q9P286	PAK5
Q86UT6	NLRX1
Q9H173	SIL1
Q9UBS3	DNAJB9
P24863	CCNC
Q92834	RPGR
P31277	HOXD11
P27105	STOM
P51965	UBE2E1
Q96GF1	RNF185
Q12981	BNIP1
Q5XX13	FBXW10
Q5VTB9	RNF220
Q9UBV4	WNT16
P20339	RAB5A
Q8WYK2	JDP2
O60682	MSC
Q13634	CDH18
Q8TAF3	WDR48
P78406	RAE1
Q99985	SEMA3C
Q12948	FOXC1
Q9GZT5	WNT10A
P31269	HOXA9
Q7L9L4	MOB1B
O15344	MID1
Q9NR30	DDX21
O15265	ATXN7
Q02446	SP4
Q9Y5H7	PCDHA5
P16581	SELE
P00540	MOS
Q15185	PTGES3
P58400	NRXN1
Q15633	TARBP2
Q9UPY3	DICER1
P35221	CTNNA1
Q5JVS0	HABP4
P13639	EEF2
Q5T4W7	ARTN
O00308	WWP2
Q9NXW2	DNAJB12
Q9UPU5	USP24
Q9NT99	LRRC4B
Q9HBT6	CDH20
P60900	PSMA6
Q9UQQ2	SH2B3
Q86VW2	ARHGEF25
Q6ZMJ4	IL34
Q96B01	RAD51AP1
P48380	RFX3
Q9BWU1	CDK19
P61457	PCBD1
P28062	PSMB8
Q9H4P4	RNF41
P04264	KRT1
Q96MS0	ROBO3
Q96S53	TESK2
P14735	IDE
Q08431	MFGE8
Q14789	GOLGB1
Q9UHD8	SEPTIN9
Q58EX7	PLEKHG4
P61106	RAB14
Q8N0Z6	TTC5
Q5JSP0	FGD3
Q9Y5U4	INSIG2
O43462	MBTPS2
P28907	CD38
Q5T1M5	FKBP15
Q14766	LTBP1
Q7Z6K4	NRARP
Q16667	CDKN3
Q9H2K8	TAOK3
Q9Y4X5	ARIH1
Q92733	PRCC
O00268	TAF4
Q13619	CUL4A
Q7Z6M1	RABEPK
Q9UNH7	SNX6
Q9Y5X3	SNX5
P13612	ITGA4
P05156	CFI
P42772	CDKN2B
Q9P209	CEP72
Q8TF40	FNIP1
Q13015	MLLT11
Q13261	IL15RA
Q8N5U6	RNF10
Q14449	GRB14
Q13332	PTPRS
O60315	ZEB2
Q9UJ55	MAGEL2
Q14031	COL4A6
Q4G0J3	LARP7
Q9Y580	RBM7
P26378	ELAVL4
P51170	SCNN1G
P34981	TRHR
P38405	GNAL
Q5BJH7	YIF1B
Q15645	TRIP13
Q93098	WNT8B
Q9Y6P5	SESN1
Q8IWS0	PHF6
Q9H1H9	KIF13A
P39060	COL18A1
Q7Z5G4	GOLGA7
P50542	PEX5
Q9BY78	RNF26
Q15468	STIL
Q15326	ZMYND11
P41567	EIF1
Q86UP0	CDH24
Q63HK5	TSHZ3
P56537	EIF6
Q9HAZ2	PRDM16
Q92917	GPKOW
Q9H3F6	KCTD10
O94991	SLITRK5
P35453	HOXD13
P60604	UBE2G2
Q96BH1	RNF25
Q96PZ7	CSMD1
Q9H1B7	IRF2BPL
Q9Y5H6	PCDHA8
Q92664	GTF3A
Q8WYB5	KAT6B
P78317	RNF4
Q8N3J5	PPM1K
Q9BUF7	CRB3
O43516	WIPF1
O14646	CHD1
Q9GZM8	NDEL1
Q8WVJ2	NUDCD2
Q6UN15	FIP1L1
O95185	UNC5C
P0DMS8	ADORA3
Q14185	DOCK1
P46459	NSF
Q8NA31	TERB1
Q9BZ95	NSD3
Q9Y5I3	PCDHA1
Q8WUJ0	STYX
Q6GPH6	ITPRIPL1
Q9Y2T6	GPR55
Q6UXZ4	UNC5D
Q92995	USP13
P20042	EIF2S2
P30622	CLIP1
Q14576	ELAVL3
Q969F8	KISS1R
Q13428	TCOF1
Q96LD4	TRIM47
O60739	EIF1B
Q12841	FSTL1
P61019	RAB2A
Q8N2I9	STK40
Q9Y468	L3MBTL1
Q9UKY1	ZHX1
Q96S52	PIGS
O94806	PRKD3
Q96DB2	HDAC11
Q8TDJ6	DMXL2
Q15046	KARS1
Q7L591	DOK3
Q15569	TESK1
Q76I76	SSH2
Q8TE77	SSH3
Q9Y6E0	STK24
Q5SGD2	PPM1L
P15907	ST6GAL1
P55317	FOXA1
Q13886	KLF9
Q15369	ELOC
Q8IU85	CAMK1D
Q9Y6Y8	SEC23IP
Q13617	CUL2
P05154	SERPINA5
Q9BXK1	KLF16
O75309	CDH16
Q8WTV0	SCARB1
Q15762	CD226
Q92692	NECTIN2
P15151	PVR
Q96EV8	DTNBP1
Q14721	KCNB1
Q9BTA9	WAC
P55289	CDH12
Q6SZW1	SARM1
Q969K3	RNF34
Q96CN9	GCC1
Q13884	SNTB1
P62324	BTG1
Q6ZTQ3	RASSF6
Q96S59	RANBP9
Q9H3C7	GGNBP2
P35030	PRSS3
Q9Y5H8	PCDHA3
Q9H237	PORCN
Q5MNZ6	WDR45B
P14136	GFAP
Q6IBW4	NCAPH2
Q96RE7	NACC1
Q66K89	E4F1
Q16763	UBE2S
Q6UXI9	NPNT
Q7RTN6	STRADA
Q9H2P9	DPH5
O94804	STK10
O60610	DIAPH1
Q9BPU6	DPYSL5
P15531	NME1
Q86WA8	LONP2
Q495A1	TIGIT
Q9Y2K2	SIK3
Q07326	PIGF
Q8WZ42	TTN
O43768	ENSA
P56211	ARPP19
Q9BS16	CENPK
Q9Y2Z0	SUGT1
Q05940	SLC18A2
P12277	CKB
Q15744	CEBPE
Q7L576	CYFIP1
Q6IQ22	RAB12
Q9P0J1	PDP1
Q9Y2A7	NCKAP1
Q13118	KLF10
Q15678	PTPN14
P32745	SSTR3
Q13136	PPFIA1
O95990	FAM107A
Q9UII4	HERC5
Q9H0B6	KLC2
Q9BQE4	SELENOS
Q9Y3Y4	PYGO1
P51151	RAB9A
Q9Y5I4	PCDHAC2
Q6P0Q8	MAST2
O14793	MSTN
Q9UBU6	FAM8A1
Q16877	PFKFB4
Q5TCZ1	SH3PXD2A
Q8NFA2	NOXO1
P09936	UCHL1
O95295	SNAPIN
Q86WV6	STING1
Q9UJV9	DDX41
Q9Y2T4	PPP2R2C
P54257	HAP1
P50053	KHK
Q8NEV1	CSNK2A3
Q6A1A2	PDPK2P
A1L390	PLEKHG3
Q969R5	L3MBTL2
Q9Y276	BCS1L
Q14565	DMC1
Q8N0X7	SPART
O15068	MCF2L
P98174	FGD1
Q9UHI6	DDX20
Q9Y448	KNSTRN
Q8N4C6	NIN
Q9NYF5	FAM13B
O60671	RAD1
Q9P107	GMIP
Q9P2F6	ARHGAP20
Q9ULL1	PLEKHG1
P46100	ATRX
Q96J87	CELF6
P49789	FHIT
Q96JH7	VCPIP1
O15273	TCAP
O95967	EFEMP2
P22413	ENPP1
Q6ZP65	BICDL1
Q05901	CHRNB3
Q9NZD4	AHSP
A1A4S6	ARHGAP10
B2RTY4	MYO9A
O94827	PLEKHG5
P12034	FGF5
P85298	ARHGAP8
Q12802	AKAP13
Q13017	ARHGAP5
Q13829	TNFAIP1
Q3KR16	PLEKHG6
Q5TG30	ARHGAP40
Q6P4F7	ARHGAP11A
P55286	CDH8
P02462	COL4A1
Q8WW38	ZFPM2
Q03591	CFHR1
Q13950	RUNX2
Q96PE2	ARHGEF17
Q9NR81	ARHGEF3
Q14832	GRM3
Q9HAZ1	CLK4
Q9UQB8	BAIAP2
Q9Y3M8	STARD13
P14091	CTSE
Q6Q788	APOA5
P55291	CDH15
O75129	ASTN2
Q96HE7	ERO1A
Q9Y5I1	PCDHA11
Q12982	BNIP2
O75382	TRIM3
Q9Y2M5	KLHL20
Q8TEL6	TRPC4AP
P33151	CDH5
Q68DK7	MSL1
Q8WU17	RNF139
P08572	COL4A2
Q9UKE5	TNIK
Q9Y385	UBE2J1
Q9NP60	IL1RAPL2
Q6ISU1	PTCRA
Q9NZN1	IL1RAPL1
Q9UBL3	ASH2L
P35125	USP6
O00634	NTN3
Q8TAT6	NPLOC4
P24386	CHM
Q6Q0C0	TRAF7
P53420	COL4A4
Q9Y644	RFNG
Q86V86	PIM3
Q9H0X6	RNF208
Q8N3U4	STAG2
Q12840	KIF5A
Q07866	KLC1
O60486	PLXNC1
O75326	SEMA7A
Q9H6Y7	RNF167
O43660	PLRG1
O14843	FFAR3
Q92530	PSMF1
Q9Y5N1	HRH3
Q8IWR1	TRIM59
P02489	CRYAA
Q9Y5P2	CSAG2
Q9Y5P2	CSAG3
Q92529	SHC3
Q7Z4H7	HAUS6
P14923	JUP
Q12965	MYO1E
Q9Y5H5	PCDHA9
Q6ZNJ1	NBEAL2
Q15842	KCNJ8
O94988	FAM13A
Q8WVD3	RNF138
P61086	UBE2K
O95613	PCNT
O14901	KLF11
O94992	HEXIM1
Q53QZ3	ARHGAP15
Q5VT97	SYDE2
Q969X5	ERGIC1
A2RUS2	DENND3
Q9P2P5	HECW2
Q8IVF5	TIAM2
Q8IZD9	DOCK3
Q8TCU6	PREX1
P54652	HSPA2
Q96JJ3	ELMO2
Q96N67	DOCK7
Q76L83	ASXL2
Q9H2G2	SLK
Q9NY12	GAR1
P61970	NUTF2
Q9Y3L3	SH3BP1
Q6P2M8	PNCK
Q9UKM9	RALY
O15303	GRM6
Q86YB8	ERO1B
Q14416	GRM2
Q8N608	DPP10
Q14833	GRM4
Q8WYL5	SSH1
Q8IXQ9	ETFBKMT
Q6NX45	ZNF774
Q9NYF0	DACT1
O75449	KATNA1
Q9BVA0	KATNB1
Q92730	RND1
O14526	FCHO1
Q9P289	STK26
P07954	FH
P02746	C1QB
O75439	PMPCB
P09629	HOXB7
O95260	ATE1
Q9NZR2	LRP1B
P28799	GRN
Q8N2F6	ARMC10
Q12864	CDH17
P30939	HTR1F
P25800	LMO1
Q9NZP8	C1RL
Q96E09	PABIR1
P01266	TG
P07202	TPO
Q969V6	MRTFA
P14384	CPM
Q86UP2	KTN1
O00399	DCTN6
O43422	THAP12
Q86Z02	HIPK1
Q96T37	RBM15
O60684	KPNA6
P47710	CSN1S1
Q01628	IFITM3
Q13275	SEMA3F
Q15329	E2F5
Q9C004	SPRY4
Q7L2J0	MEPCE
Q9Y5S2	CDC42BPB
P78362	SRPK2
P20929	NEB
Q13642	FHL1
Q9Y3A5	SBDS
P57086	SCAND1
Q9ULX6	AKAP8L
O60890	OPHN1
Q86VB7	CD163
Q9Y2W1	THRAP3
P10451	SPP1
O95248	SBF1
Q8TAK5	GABPB2
Q4L180	FILIP1L
Q9BS26	ERP44
O60763	USO1
P15918	RAG1
P51148	RAB5C
Q8NG06	TRIM58
Q9UKN1	MUC12
O60353	FZD6
Q9HAV7	GRPEL1
Q8TEP8	CEP192
Q13308	PTK7
Q6NYC1	JMJD6
O75044	SRGAP2
Q9ULT8	HECTD1
O43182	ARHGAP6
Q9UKT6	FBXL21P
Q86UF1	TSPAN33
Q9UNA1	ARHGAP26
P36776	LONP1
Q6ZNL6	FGD5
P35579	MYH9
O75061	DNAJC6
Q08379	GOLGA2
Q8WWY8	LIPH
Q8NFT8	DNER
Q02556	IRF8
O43426	SYNJ1
Q13310	PABPC4
Q6Y7W6	GIGYF2
Q96T91	GPHA2
Q9UJC3	HOOK1
O00165	HAX1
A6ND36	FAM83G
P78357	CNTNAP1
O76094	SRP72
P16112	ACAN
Q96DA2	RAB39B
Q96HN2	AHCYL2
Q9NWT8	AURKAIP1
Q5T1C6	THEM4
P27448	MARK3
O95989	NUDT3
O75081	CBFA2T3
Q9Y2H9	MAST1
Q8N6U8	GPR161
O00300	TNFRSF11B
P62987	UBA52
O60331	PIP5K1C
Q6JBY9	RCSD1
P23193	TCEA1
P26678	PLN
Q8IWW6	ARHGAP12
O43347	MSI1
Q9UBC7	GALP
Q8TAP4	LMO3
Q8NE79	BVES
Q9Y237	PIN4
Q9HCD6	TANC2
P52701	MSH6
O76024	WFS1
O00629	KPNA4
O15287	FANCG
Q16531	DDB1
Q92597	NDRG1
P29279	CCN2
Q9NU22	MDN1
Q8NHV4	NEDD1
Q9H1R3	MYLK2
P46060	RANGAP1
Q9UK97	FBXO9
Q6DKK2	TTC19
Q5JTV8	TOR1AIP1
P30047	GCHFR
Q9ULC4	MCTS1
P49915	GMPS
P37802	TAGLN2
Q92499	DDX1
O75534	CSDE1
Q5VST9	OBSCN
P20338	RAB4A
Q6ZMI3	GLDN
O15084	ANKRD28
Q13888	GTF2H2
Q92777	SYN2
Q8TEV9	SMCR8
P24928	POLR2A
Q8WWB3	DYDC1
P26447	S100A4
P46777	RPL5
P78337	PITX1
P43357	MAGEA3
Q6XZF7	DNMBP
P84550	SKOR1
C9JLW8	MCRIP1
Q5H8A4	PIGG
Q96DR7	ARHGEF26
Q9H2T7	RANBP17
Q6UUV7	CRTC3
O15078	CEP290
Q12774	ARHGEF5
Q5T5U3	ARHGAP21
Q5MNZ9	WIPI1
Q12926	ELAVL2
P38646	HSPA9
O75173	ADAMTS4
Q5VUA4	ZNF318
Q9H4X1	RGCC
O00203	AP3B1
Q6J9G0	STYK1
P00740	F9
P58005	SESN3
P23276	KEL
Q9Y653	ADGRG1
Q15904	ATP6AP1
O00635	TRIM38
Q9UL26	RAB22A
P07996	THBS1
P05155	SERPING1
Q01718	MC2R
Q96BY6	DOCK10
Q00839	HNRNPU
Q9Y2I2	NTNG1
P09467	FBP1
Q9NS56	TOPORS
Q969T4	UBE2E3
Q9P0V3	SH3BP4
P62330	ARF6
Q9BZI7	UPF3B
P09543	CNP
Q9UPW6	SATB2
Q01851	POU4F1
O75093	SLIT1
Q96MI6	PPM1M
P60709	ACTB
O75815	BCAR3
P08648	ITGA5
Q92882	OSTF1
Q8N264	ARHGAP24
O15144	ARPC2
Q14118	DAG1
P98161	PKD1
Q9NVD7	PARVA
Q16827	PTPRO
Q9H0C8	ILKAP
P19634	SLC9A1
Q93052	LPP
Q15942	ZYX
O60635	TSPAN1
Q9HBL0	TNS1
Q08722	CD47
Q13352	ITGB3BP
P38570	ITGAE
P17301	ITGA2
P56199	ITGA1
P05107	ITGB2
P26006	ITGA3
P20702	ITGAX
P53708	ITGA8
P26010	ITGB7
P06756	ITGAV
Q13797	ITGA9
Q13683	ITGA7
P18084	ITGB5
P35241	RDX
O75578	ITGA10
P26038	MSN
Q13349	ITGAD
Q9UKX5	ITGA11
P04216	THY1
Q14161	GIT2
F7VJQ1	PRNP
P04156	PRNP
P03950	ANG
P35613	BSG
Q7Z7D3	VTCN1
P04003	C4BPA
P55774	CCL18
Q8NHW4	CCL4L1
Q8NHW4	CCL4L2
O00622	CCN1
O95971	CD160
Q9NNX6	CD209
P25063	CD24
Q9P1W8	SIRPG
P09326	CD48
Q9BZW8	CD244
P19256	CD58
P21854	CD72
Q86YL7	PDPN
Q9P126	CLEC1B
Q6UXB4	CLEC4G
Q03692	COL10A1
P12107	COL11A1
P13942	COL11A2
Q99715	COL12A1
Q5TAT6	COL13A1
Q05707	COL14A1
P39059	COL15A1
Q07092	COL16A1
Q9UMD9	COL17A1
Q14993	COL19A1
Q9P218	COL20A1
Q96P44	COL21A1
Q8NFW1	COL22A1
Q17RW2	COL24A1
Q96A83	COL26A1
Q8IZC6	COL27A1
Q2UY09	COL28A1
P29400	COL4A5
P20908	COL5A1
P05997	COL5A2
P25940	COL5A3
P12109	COL6A1
P12110	COL6A2
P12111	COL6A3
A8TX70	COL6A5
A6NMZ7	COL6A6
Q02388	COL7A1
P27658	COL8A1
P25067	COL8A2
P20849	COL9A1
Q14055	COL9A2
Q14050	COL9A3
P07585	DCN
Q08554	DSC1
Q14126	DSG2
Q02487	DSC2
Q02413	DSG1
Q14574	DSC3
O43854	EDIL3
Q12805	EFEMP1
O43320	FGF16
P34741	SDC2
Q9NP95	FGF20
Q9NSA1	FGF21
Q9GZV9	FGF23
Q08830	FGL1
P18827	SDC1
Q96BF3	TMIGD2
Q9UM44	HHLA2
Q8N743	KIR3DL3
P04439	HLA-A
P01889	HLA-B
P10321	HLA-C
P13747	HLA-E
P30511	HLA-F
P16150	SPN
Q86WN2	IFNE
Q14005	IL16
P21926	CD9
Q8WWZ1	IL1F10
P13598	ICAM2
P78310	CXADR
Q86YT9	JAML
P31025	LCN1
P09382	LGALS1
P17931	LGALS3
Q13477	MADCAM1
Q29983	MICA
Q29980	MICB
P13591	NCAM1
Q68D85	NCR3LG1
P40200	CD96
Q15223	NECTIN1
Q9NQS3	NECTIN3
Q9BQ51	PDCD1LG2
P02776	PF4
P10720	PF4V1
P49763	PGF
P55058	PLTP
Q86SK9	SCD5
Q9H3S1	SEMA4A
Q9Y4D7	PLXND1
Q96PD2	DCBLD2
Q9NPR2	SEMA4B
O15031	PLXNB2
Q9C0C4	SEMA4C
Q9H2E6	SEMA6A
Q9HCM2	PLXNA4
Q9UHV2	SERTAD1
P35247	SFTPD
Q9Y336	SIGLEC9
P03973	SLPI
Q9BQB4	SOST
P00995	SPINK1
P40222	TXLNA
P13611	VCAN
P40199	CEACAM6
Q9NTN9	SEMA4G
P20062	TCN2
Q14112	NID2
Q9UHG2	PCSK1N
P01033	TIMP1
Q9UBT3	DKK4
Q9HD89	RETN
Q9UMF0	ICAM5
P06731	CEACAM5
P15813	CD1D
P49747	COMP
P07942	LAMB1
P43490	NAMPT
Q15165	PON2
Q13442	PDAP1
P21815	IBSP
P02656	APOC3
Q92478	CLEC2B
Q9NZS2	KLRF1
P14151	SELL
Q9BZM6	ULBP1
Q16363	LAMA4
Q9NS98	SEMA3G
P02788	LTF
P04196	HRG
P07204	THBD
P28161	GSTM2
O95274	LYPD3
P15529	CD46
P55000	SLURP1
P17752	TPH1
Q16613	AANAT
P49257	LMAN1
P02655	APOC2
O14594	NCAN
Q10589	BST2
O15230	LAMA5
P02741	CRP
O75051	PLXNA2
Q9GZZ8	LACRT
P11047	LAMC1
P0CG37	CFC1
P02763	ORM1
Q96RS0	TGS1
P16671	CD36
P61626	LYZ
P07359	GP1BA
P28827	PTPRM
P23352	ANOS1
Q08380	LGALS3BP
Q16674	MIA
Q9P232	CNTN3
Q9UBR5	CKLF
O94887	FARP2
Q13753	LAMC2
P14543	NID1
O95897	OLFM2
P00488	F13A1
Q10588	BST1
P47972	NPTX2
Q99965	ADAM2
Q9UKQ2	ADAM28
P58166	INHBE
P51884	LUM
P19113	HDC
P22692	IGFBP4
Q9P2M7	CGN
Q9Y624	F11R
O75610	LEFTY1
O95156	NXPH2
Q9NUP9	LIN7C
O95998	IL18BP
P09417	QDPR
P12645	BMP3
O95025	SEMA3D
Q9UBU2	DKK2
O15072	ADAMTS3
P12273	PIP
Q03403	TFF2
P04155	TFF1
P04271	S100B
P23297	S100A1
Q96QR1	SCGB3A1
Q8NBI3	DRAXIN
O15511	ARPC5
P08582	MELTF
Q96PL1	SCGB3A2
Q01469	FABP5
P60022	DEFB1
Q9BX67	JAM3
P14625	HSP90B1
Q9BY76	ANGPTL4
P34932	HSPA4
Q8NBP7	PCSK9
O15041	SEMA3E
P02675	FGB
P27487	DPP4
P08865	RPSA
Q9UKY0	PRND
O75330	HMMR
Q92819	HAS2
P16070	CD44
Q6NW40	RGMB
P55103	INHBC
P13726	F3
P06858	LPL
Q8IV16	GPIHBP1
Q6RW13	AGTRAP
P81534	DEFB103A
P81534	DEFB103B
P08519	LPA
Q16787	LAMA3
Q8NFY4	SEMA6D
Q9NZC2	TREM2
P21810	BGN
Q8IYV9	IZUMO1
P07237	P4HB
O95157	NXPH3
P05543	SERPINA7
Q96CG8	CTHRC1
Q02246	CNTN2
Q96GW7	BCAN
P23142	FBLN1
O75094	SLIT3
Q86UU9	TAC4
O95715	CXCL14
Q9BXJ1	C1QTNF1
Q13316	DMP1
Q14773	ICAM4
Q02094	RHAG
Q13444	ADAM15
P06727	APOA4
O95754	SEMA4F
Q99259	GAD1
P19823	ITIH2
Q6UXT8	ALKAL1
Q9Y6N6	LAMC3
O00292	LEFTY2
P02652	APOA2
P80511	S100A12
O95467	GNAS
P84996	GNAS
Q9Y5C1	ANGPTL3
P02753	RBP4
P19835	CEL
O95980	RECK
Q13813	SPTAN1
Q9UKU9	ANGPTL2
Q13241	KLRD1
P13637	ATP1A3
P04278	SHBG
Q96DA0	ZG16B
P25391	LAMA1
Q13751	LAMB3
Q8IWV2	CNTN4
Q2MV58	TCTN1
P98095	FBLN2
P02787	TF
Q30201	HFE
D3W0D1	KLRF2
Q6UVW9	CLEC2A
P0C0L4	C4A
P24043	LAMA2
P30533	LRPAP1
Q9BXJ0	C1QTNF5
O00214	LGALS8
P55268	LAMB2
Q8IZJ3	CPAMD8
Q9BZR6	RTN4R
P27482	CALML3
P14209	CD99
Q9UNN8	PROCR
Q92520	FAM3C
Q12918	KLRB1
Q9UHP7	CLEC2D
Q9NZ53	PODXL2
P28906	CD34
Q8TAX7	MUC7
O00592	PODXL
Q5VY80	RAET1L
Q9BZM4	ULBP3
Q8TD07	RAET1E
Q6H3X3	RAET1G
P07093	SERPINE2
P02790	HPX
P11150	LIPC
Q8IWL1	SFTPA2
P02745	C1QA
Q9Y5R2	MMP24
Q6UWQ7	IGFL2
Q6UW32	IGFL1
Q6UXB1	IGFL3
O75596	CLEC3A
Q8IWL2	SFTPA1
P10153	RNASE2
O95389	CCN6
P25311	AZGP1
Q6X4U4	SOSTDC1
O43914	TYROBP
P54108	CRISP3
P60033	CD81
P02774	GC
P02768	ALB
O60494	CUBN
P11684	SCGB1A1
P80188	LCN2
O60565	GREM1
P35052	GPC1
Q13936	CACNA1C
P21754	ZP3
O94898	LRIG2
P10745	RBP3
Q9Y5Y6	ST14
O43278	SPINT1
P21941	MATN1
O15496	PLA2G10
Q8N104	DEFB106A
Q8N104	DEFB106B
P22888	LHCGR
P25024	CXCR1
Q9NS15	LTBP3
O15335	CHAD
P80303	NUCB2
Q6V0I7	FAT4
Q96JQ0	DCHS1
Q14114	LRP8
P02765	AHSG
P30203	CD6
Q13740	ALCAM
O95813	CER1
P16562	CRISP2
P41217	CD200
Q8TD46	CD200R1
P0C0L5	C4B
P0C0L5	C4B_2
P52945	PDX1
P05090	APOD
Q9UBP4	DKK3
Q9NY56	OBP2A
Q99217	AMELX
O43866	CD5L
P37287	PIGA
P78417	GSTO1
P02786	TFRC
Q2WEN9	CEACAM16
P13987	CD59
Q9Y215	COLQ
O75096	LRP4
Q9NQ76	MEPE
O15020	SPTBN2
P02654	APOC1
P55056	APOC4
Q6UX46	ALKAL2
Q9NZW4	DSPP
Q9BUD6	SPON2
Q4VX76	SYTL3
Q92954	PRG4
Q6UXB2	CXCL17
Q9Y6N7	ROBO1
O43827	ANGPTL7
Q15063	POSTN
Q6UWT2	ENHO
P0DP57	SLURP2
P49746	THBS3
P35443	THBS4
Q92752	TNR
Q9UQP3	TNN
P22105	TNXB
P06734	FCER2
P49961	ENTPD1
P22897	MRC1
Q07108	CD69
P0C7M8	CLEC2L
Q6UVK1	CSPG4
P57087	JAM2
Q14943	KIR3DS1
P25189	MPZ
O15394	NCAM2
Q8N126	CADM3
Q92896	GLG1
Q9P283	SEMA5B
Q9H3T3	SEMA6B
Q9BZZ2	SIGLEC1
Q5DX21	IGSF11
Q9H7M9	VSIR
O75078	ADAM11
O75077	ADAM23
Q9UKF5	ADAM29
Q9H2U9	ADAM7
O14514	ADGRB1
Q9NP70	AMBN
Q99218	AMELY
P15144	ANPEP
P07355	ANXA2
Q9BY67	CADM1
O95727	CRTAM
O95388	CCN4
Q8N6Q3	CD177
P31358	CD52
P31997	CEACAM8
P27918	CFP
Q14011	CIRBP
Q9Y240	CLEC11A
Q9NRR1	CYTL1
Q9UBS4	DNAJB11
Q16610	ECM1
Q9NRM1	ENAM
Q96BQ1	FAM3D
Q8NAU1	FNDC5
Q86YW7	GPHB5
Q8N423	LILRB2
K9M1U5	IFNL4
P24001	IL32
Q969E1	LEAP2
O95970	LGI1
Q8N0V4	LGI2
Q8N145	LGI3
Q8N135	LGI4
Q8NHJ6	LILRB4
O95711	LY86
Q9H8L6	MMRN2
Q1L6U9	MSMP
Q02817	MUC2
P24844	MYL9
Q99972	MYOC
Q96NY8	NECTIN4
Q99435	NELL2
O75594	PGLYRP1
P14555	PLA2G2A
P48651	PTDSS1
Q8WVN6	SECTM1
P36955	SERPINF1
Q5JXA9	SIRPB2
Q96PX8	SLITRK1
Q9H156	SLITRK2
O94933	SLITRK3
Q9H5Y7	SLITRK6
Q9HCB6	SPON1
Q96LR4	TAFA4
P20061	TCN1
Q07654	TFF3
Q8N2E6	TOR2A
Q5JU69	TOR2A
Q9NSG2	C1orf112
Q6UXA7	C6orf15
P08861	CELA3B
Q99944	EGFL8
Q6UWX4	HHIPL2
Q9XRX5	HHLA3
Q9BQ66	KRTAP4-12
Q5SRR4	LY6G5C
Q9NV23	OLAH
O95428	PAPLN
O95084	PRSS23
Q9NR99	MXRA5
Q9P121	NTM
P12319	FCER1A
Q8N6F1	CLDN19
P78410	BTN3A2
P40197	GP5
P43629	KIR3DL1
Q6WRI0	IGSF10
O75829	CNMD
Q16653	MOG
Q9H5V8	CDCP1
Q9Y5I7	CLDN16
Q8N441	FGFRL1
P10915	HAPLN1
Q9Y639	NPTN
Q9BZV3	IMPG2
Q8N475	FSTL5
P01130	LDLR
P36268	GGT2P
Q15238	PSG5
P13224	GP1BB
P43121	MCAM
P01833	PIGR
O14493	CLDN4
Q9NP84	TNFRSF12A
P40198	CEACAM3
O14786	NRP1
Q8IXS8	HYCC2
Q6PI73	LILRA6
P55899	FCGRT
O95866	MPIG6B
Q96SZ5	ADO
Q6UX41	BTNL8
Q8IWK6	ADGRA3
O00478	BTN3A3
Q9NYZ4	SIGLEC8
Q16625	OCLN
Q14952	KIR2DS3
P20231	TPSB2
Q10586	DBP
Q01650	SLC7A5
Q9NRR2	TPSG1
Q6UXK5	LRRN1
P20138	CD33
Q6ZMC9	SIGLEC15
P14770	GP9
Q09470	KCNA1
Q9UKJ8	ADAM21
O75019	LILRA1
Q9UKJ1	PILRA
P08514	ITGA2B
P17813	ENG
Q15109	AGER
P06127	CD5
Q9HBL7	PLGRKT
Q71H61	ILDR2
Q9NP99	TREM1
Q9P2V4	LRIT1
P48029	SLC6A8
P32246	CCR1
P47870	GABRB2
Q9Y286	SIGLEC7
O14931	NCR3
O75121	MFAP3L
Q9BUR5	APOO
P12955	PEPD
O43559	FRS3
Q9UGN4	CD300A
Q96ID5	IGSF21
Q9NPF0	CD320
P08962	CD63
Q96LA6	FCRL1
Q8TEU8	WFIKKN2
P43632	KIR2DS4
Q00887	PSG9
P19440	GGT1
Q96N03	VSTM2L
Q8NFZ8	CADM4
O95049	TJP3
Q9UQQ1	NAALADL1
Q9BRK3	MXRA8
Q2VWP7	PRTG
O75054	IGSF3
O00481	BTN3A1
Q9Y287	ITM2B
Q14982	OPCML
Q92673	SORL1
O95500	CLDN14
Q6UY18	LINGO4
O75022	LILRB3
Q8NAC3	IL17RC
Q00889	PSG6
O94779	CNTN5
B6A8C7	TARM1
Q13046	PSG7
Q9H772	GREM2
Q08ET2	SIGLEC14
Q8WWV6	FCAMR
Q13449	LSAMP
O43699	SIGLEC6
Q02223	TNFRSF17
Q16280	CNGA2
Q5T4F7	SFRP5
Q8IV77	CNGA4
Q16270	IGFBP7
P35590	TIE1
O43300	LRRTM2
P10124	SRGN
P27701	CD82
Q6UWV2	MPZL3
O75970	MPDZ
O15354	GPR37
P12314	FCGR1A
P13164	IFITM1
O75131	CPNE3
P43630	KIR3DL2
Q9H3T2	SEMA6C
P24071	FCAR
P56159	GFRA1
Q8N109	KIR2DL5A
Q96EY1	DNAJA3
Q8N3J6	CADM2
Q8N6C8	LILRA3
Q8IVU1	IGDCC3
Q9BTN0	LRFN3
P11912	CD79A
Q14953	KIR2DS5
O43155	FLRT2
Q9HCN6	GP6
P51693	APLP1
Q9BYE9	CDHR2
O76036	NCR1
O60939	SCN2B
Q9Y2C9	TLR6
Q9BZD6	PRRG4
Q9NZU0	FLRT3
Q9NQ36	SCUBE2
P29016	CD1B
Q08708	CD300C
Q7Z3B1	NEGR1
Q96PJ5	FCRL4
Q7KYR7	BTN2A1
O43506	ADAM20
O75871	CEACAM4
Q14626	IL11RA
P11836	MS4A1
P16422	EPCAM
Q96DU3	SLAMF6
P09564	CD7
Q00888	PSG4
Q8TDQ1	CD300LF
Q13410	BTN1A1
Q6UX15	LAYN
Q8N6C5	IGSF1
P27930	IL1R2
Q96G01	BICD1
Q6Q4G3	LVRN
Q99706	KIR2DL4
O60637	TSPAN3
P25106	ACKR3
Q9NZU1	FLRT1
Q12884	FAP
Q92839	HAS1
Q6X784	ZPBP2
Q9H6B4	CLMP
P05026	ATP1B1
P49788	RARRES1
Q5SQ64	LY6G6F
P19021	PAM
P41161	ETV5
P51511	MMP15
Q6UXB8	PI16
P09486	SPARC
P51679	CCR4
Q8IZA0	KIAA0319L
P21589	NT5E
Q9P2B2	PTGFRN
P51512	MMP16
P17213	BPI
Q9UKJ0	PILRB
P57739	CLDN2
Q8WX77	IGFBPL1
Q9Y279	VSIG4
Q3KPI0	CEACAM21
Q5T2D2	TREML2
O95171	SCEL
O75325	LRRN2
O95832	CLDN1
Q13478	IL18R1
O43493	TGOLN2
Q9C098	DCLK3
Q14028	CNGB1
P19397	CD53
O15389	SIGLEC5
Q96QZ7	MAGI1
Q14722	KCNAB1
Q14002	CEACAM7
Q8NDV2	GPR26
P04430	IGKV1-16
P00918	CA2
Q8NC67	NETO2
P62079	TSPAN5
Q6UXN2	TREML4
Q8IW52	SLITRK4
Q7RTS9	DYM
Q9Y5E6	PCDHB3
P16389	KCNA2
Q16543	CDC37
Q9NY15	STAB1
P30679	GNA15
Q9HAV5	EDA2R
Q9Y5Q5	CORIN
Q8IYB5	SMAP1
O94832	MYO1D
Q9Y5F9	PCDHGB6
O43570	CA12
Q6UY09	CEACAM20
Q9BZG2	ACP4
Q16570	ACKR1
A6NI73	LILRA5
Q58EX2	SDK2
Q8TDY8	IGDCC4
Q6NUS6	TCTN3
A6NDA9	LRIT2
Q6ISS4	LAIR2
O75015	FCGR3B
Q9Y5W7	SNX14
Q6UXG8	BTNL9
Q6UWK7	GPR15LG
Q15846	CLUL1
Q9H8J5	MANSC1
P08118	MSMB
Q08648	SPAG11B
P00491	PNP
Q14627	IL13RA2
Q8NEJ0	DUSP18
P09172	DBH
P28329	CHAT
P07101	TH
P46597	ASMT
Q9NPH0	ACP6
O60760	HPGDS
P05108	CYP11A1
Q5ZPR3	CD276
P17936	IGFBP3
Q6X4W1	NSMF
O00584	RNASET2
M5A8F1	ERVH48-1
Q7Z5A9	TAFA1
Q7Z5A7	TAFA5
O00294	TULP1
Q6FHJ7	SFRP4
Q06481	APLP2
O75973	C1QL1
Q7Z5L3	C1QL2
Q5VWW1	C1QL3
Q86Z23	C1QL4
Q9UKZ4	TENM1
Q9NT68	TENM2
Q9P273	TENM3
Q6N022	TENM4
Q86VH4	LRRTM4
Q8N2X6	EXOC3-AS1
Q5T5A4	CFAP276
Q5SR53	PIK3CD-AS1
P62979	RPS27A
P0CG47	UBB
Q9NQ30	ESM1
P14410	SI
P00558	PGK1
Q38SD2	LRRK1
A9UF07	BCR/ABL fusion
P49761	CLK3
Q9Y5P4	CERT1
P57058	HUNK
P35558	PCK1
Q15545	TAF7
Q8IZL8	PELP1
Q9NSY1	BMP2K
P51956	NEK3
Q8TF76	HASPIN
O14976	GAK
Q14004	CDK13
Q9H3Y6	SRMS
P42685	FRK
O00443	PIK3C2A
P15309	ACP3
P05186	ALPL
Q05D32	CTDSPL2
Q68J44	DUSP29
Q9Y5B0	CTDP1
P09923	ALPI
O95147	DUSP14
Q9BVJ7	DUSP23
Q9NRX4	PHPT1
O75319	DUSP11
P05187	ALPP
O15355	PPM1G
Q9ULR3	PPM1H
Q93096	PTP4A1
Q92729	PTPRU
Q9UII6	DUSP13
P13686	ACP5
Q8WVY7	UBLCP1
Q9UNI6	DUSP12
P30260	CDC27
Q9UM13	ANAPC10
Q04637	EIF4G1
Q9Y6D9	MAD1L1
Q58A45	PAN3
Q92738	USP6NL
P11137	MAP2
Q7Z370	DKFZp686L02273
Q9HD42	CHMP1A
Q9NS37	CREBZF
Q9BRS2	RIOK1
P43628	KIR2DL3
O95782	AP2A1
Q9P2D0	IBTK
O60880	SH2D1A
Q13291	SLAMF1
Q96LW7	CARD19
Q9H467	CUEDC2
Q9UMX0	UBQLN1
Q9Y6X8	ZHX2
Q14934	NFATC4
Q8NE63	HIPK4
P14679	TYR
Q9NR22	PRMT8
P20151	KLK2
Q92187	ST8SIA4
Q01538	MYT1
P16870	CPE
Q07075	ENPEP
Q9UHI8	ADAMTS1
Q9NRE1	MMP26
Q9GZR1	SENP6
P08637	FCGR3A
Q9H6P5	TASP1
P30419	NMT1
Q8TAI7	RHEBL1
C0HM02	PRKCH
O60725	ICMT
Q8N165	PDIK1L
O60507	TPST1
P24347	MMP11
Q7Z2Y5	NRK
Q96P09	BIRC8
P41227	NAA10
P42892	ECE1
Q9Y6M4	CSNK1G3
Q92561	PHYHIP
Q8TAX0	OSR1
Q00536	CDK16
Q9GZU2	PEG3
P42338	PIK3CB
Q9C010	PKIB
Q7Z5N4	SDK1
P20226	TBP
O94768	STK17B
Q9UK32	RPS6KA6
A0A173G4P4	Abl fusion
Q86YR5	GPSM1
P36404	ARL2
Q8IZE3	SCYL3
P35869	AHR
Q9Y6W5	WASF2
P42261	GRIA1
P42262	GRIA2
Q13042	CDC16
P49916	LIG3
O60318	MCM3AP
Q99816	TSG101
P49796	RGS3
P18754	RCC1
P02730	SLC4A1
O00170	AIP
Q15648	MED1
P30273	FCER1G
P52948	NUP98
Q8NFT6	DBF4B
P02748	C9
Q16666	IFI16
O75528	TADA3
P02686	MBP
Q14181	POLA2
P08697	SERPINF2
P63010	AP2B1
O00463	TRAF5
Q96KJ9	COX4I2
P19878	NCF2
P78318	IGBP1
Q9BZ29	DOCK9
Q5TC12	ATPAF1
O60229	KALRN
Q8IZX4	TAF1L
P43487	RANBP1
Q96DY7	MTBP
P83876	TXNL4A
Q9HB96	FANCE
O43734	TRAF3IP2
Q12996	CSTF3
Q9UKV5	AMFR
Q9UL19	PLAAT4
Q16777	H2AC20
Q13889	GTF2H3
Q16623	STX1A
Q9P287	BCCIP
Q9HAV4	XPO5
P61604	HSPE1
P63146	UBE2B
Q96A65	EXOC4
P35269	GTF2F1
Q9NYG5	ANAPC11
O95140	MFN2
Q6DN90	IQSEC1
Q9UMW8	USP18
Q96QF0	RAB3IP
Q9H3M7	TXNIP
Q8IXQ6	PARP9
O94811	TPPP
Q13224	GRIN2B
P98155	VLDLR
Q05586	GRIN1
Q8IZW8	TNS4
Q9UJX2	CDC23
Q9UJX5	ANAPC4
Q9UJX4	ANAPC5
Q8IV45	UNC5CL
O00422	SAP18
Q96ST3	SIN3A
P78545	ELF3
Q9Y265	RUVBL1
Q9Y3F4	STRAP
O60683	PEX10
Q9Y5P8	PPP2R3B
Q06190	PPP2R3A
Q14188	TFDP2
P07357	C8A
P38117	ETFB
Q9H9Q4	NHEJ1
Q8NHZ8	CDC26
O14807	MRAS
P08833	IGFBP1
P22314	UBA1
Q9HAN9	NMNAT1
Q9UJW3	DNMT3L
P62937	PPIA
Q96HZ4	HES6
Q86WV1	SKAP1
O95644	NFATC1
Q8NFH8	REPS2
Q9UBC2	EPS15L1
O95630	STAMBP
Q9UJX3	ANAPC7
P56545	CTBP2
Q969G6	RFK
Q13200	PSMD2
O00329	PIK3CD
Q92759	GTF2H4
P51692	STAT5B
Q9NQB0	TCF7L2
Q9C0K7	STRADB
Q9Y3B3	TMED7
Q5VVH5	IRAK1BP1
Q15399	TLR1
Q6IA17	SIGIRR
Q00722	PLCB2
P07814	EPRS1
P15170	GSPT1
Q9UI14	RABAC1
Q8WXH5	SOCS4
Q7L5N1	COPS6
O15553	MEFV
Q96KP1	EXOC2
Q9BPZ7	MAPKAP1
Q7L523	RRAGA
Q5VZM2	RRAGB
Q9P0N9	TBC1D7
Q14240	EIF4A2
Q9BYG5	PARD6B
Q99697	PITX2
Q16795	NDUFA9
P03923	MT-ND6
O95139	NDUFB6
P51124	GZMM
Q3LXA3	TKFC
Q99665	IL12RB2
O15211	RGL2
P09871	C1S
O43707	ACTN4
Q12796	PNRC1
Q9NZL4	HSPBP1
Q13568	IRF5
P43626	KIR2DL1
Q9H0W8	SMG9
O43745	CHP2
Q9BRV8	SIKE1
O14512	SOCS7
Q9HBV1	POPDC3
Q8N5M1	ATPAF2
Q15691	MAPRE1
Q96L34	MARK4
Q00537	CDK17
P32302	CXCR5
Q9BUJ2	HNRNPUL1
P81274	GPSM2
Q9H9A7	RMI1
P24534	EEF1B2
P29692	EEF1D
Q8WUM4	PDCD6IP
Q8NI60	COQ8A
O43809	NUDT21
Q9UHY1	NRBP1
Q96PF2	TSSK2
P28340	POLD1
Q9P0R6	GSKIP
Q9BYG4	PARD6G
O96020	CCNE2
Q14686	NCOA6
Q2M3C7	SPHKAP
Q96RK4	BBS4
Q9HCU8	POLD4
P49005	POLD2
O75306	NDUFS2
Q8TDN4	CABLES1
Q86WH2	RASSF3
Q9H2L5	RASSF4
D6RGH6	MCIDAS
Q9Y3T9	NOC2L
P26368	U2AF2
O14966	RAB29
Q6S5L8	SHC4
Q8NBW4	SLC38A9
Q9UKX7	NUP50
O75531	BANF1
P17661	DES
O14618	CCS
Q8IU80	TMPRSS6
P49642	PRIM1
Q16718	NDUFA5
P56282	POLE2
Q9BS18	ANAPC13
A6NFY7	SDHAF1
P02724	GYPA
P57078	RIPK4
Q15113	PCOLCE
Q86WQ0	NR2C2AP
Q6ZNK6	TIFAB
Q66LE6	PPP2R2D
Q59H18	TNNI3K
Q6UB98	ANKRD12
P61201	COPS2
P84095	RHOG
O60296	TRAK2
Q8NB91	FANCB
Q9UBU7	DBF4
Q96CK0	ZNF653
P28070	PSMB4
P19387	POLR2C
Q658P3	STEAP3
P63027	VAMP2
P54274	TERF1
P04053	DNTT
Q01995	TAGLN
Q15370	ELOB
P12980	LYL1
Q9H147	DNTTIP1
Q8TDR2	STK35
Q6IA86	ELP2
Q8WTS1	ABHD5
Q99615	DNAJC7
O95376	ARIH2
Q96DX7	TRIM44
Q15287	RNPS1
O00291	HIP1
P81408	ENTREP3
O14610	GNGT2
Q6DT37	CDC42BPG
P09234	SNRPC
O14933	UBE2L6
O14810	CPLX1
Q96J94	PIWIL1
P13671	C6
Q99102	MUC4
P41162	ETV3
Q9UQ07	MOK
Q8WX92	NELFB
Q9NRH2	SNRK
Q92772	CDKL2
Q99819	ARHGDIG
P08134	RHOC
P52566	ARHGDIB
P04054	PLA2G1B
Q9GZY6	LAT2
Q13470	TNK1
P02766	TTR
Q07864	POLE
Q96RU8	TRIB1
P60983	GMFB
P11801	PSKH1
Q8WYP3	RIN2
O00522	KRIT1
Q9NSU2	TREX1
Q9UBU8	MORF4L1
P10523	SAG
Q05823	RNASEL
Q01130	SRSF2
Q99719	SEPTIN5
Q01362	MS4A2
Q13596	SNX1
P29084	GTF2E2
O95267	RASGRP1
Q8TDF6	RASGRP4
Q8WTQ7	GRK7
Q06828	FMOD
Q9BT78	COPS4
Q9BTV7	CABLES2
Q8WYH8	ING5
P55060	CSE1L
P50452	SERPINB8
P62328	TMSB4X
P09884	POLA1
O14939	PLD2
Q96BY2	MOAP1
Q9HD36	BCL2L10
O75916	RGS9
Q6UWB1	IL27RA
P43694	GATA4
P25815	S100P
Q14814	MEF2D
P08493	MGP
Q12792	TWF1
Q9H0E9	BRD8
P62253	UBE2G1
P53803	POLR2K
Q92608	DOCK2
O15492	RGS16
O14503	BHLHE40
Q9Y376	CAB39
O15551	CLDN3
Q9UKS7	IKZF2
Q9NPF5	DMAP1
Q8WXA9	SREK1
Q9Y2I1	NISCH
Q14296	FASTK
Q96S38	RPS6KC1
O95977	S1PR4
Q9Y6J6	KCNE2
Q9Y3D6	FIS1
Q504Q3	PAN2
Q96F07	CYFIP2
Q5T0N5	FNBP1L
Q15629	TRAM1
Q8IZH2	XRN1
Q8WWG9	KCNE4
Q9UPE1	SRPK3
Q53EL6	PDCD4
P55345	PRMT2
P00387	CYB5R3
Q09666	AHNAK
P80192	MAP3K9
Q9Y235	APOBEC2
Q86SG6	NEK8
Q7Z5R6	APBB1IP
Q00532	CDKL1
P23497	SP100
Q8NEV4	MYO3A
Q96PN8	TSSK3
Q9BXA7	TSSK1B
Q53GL7	PARP10
P33993	MCM7
Q92876	KLK6
P30876	POLR2B
P20941	PDC
P17643	TYRP1
Q9BUZ4	TRAF4
P68133	ACTA1
O43847	NRDC
P06681	C2
Q92989	CLP1
Q9H013	ADAM19
P49918	CDKN1C
Q13319	CDK5R2
Q13422	IKZF1
Q9BXP8	PAPPA2
Q9UQF0	ERVW-1
Q86TW2	ADCK1
Q6IBS0	TWF2
Q8NCB2	CAMKV
O75832	PSMD10
P59103	DAOA
Q9H4Z3	PCIF1
Q8IZV2	CMTM8
Q9NYB0	TERF2IP
Q8TDY4	ASAP3
Q9H2X0	CHRD
Q8NFW5	DMBX1
O15269	SPTLC1
Q14512	FGFBP1
Q9Y230	RUVBL2
Q9UPY6	WASF3
Q96T76	MMS19
Q92922	SMARCC1
Q96GM5	SMARCD1
Q969G3	SMARCE1
Q92519	TRIB2
Q15438	CYTH1
P53367	ARFIP1
Q08752	PPID
Q99614	TTC1
P59998	ARPC4
P05546	SERPIND1
Q04756	HGFAC
P35520	CBS
Q13219	PAPPA
P24593	IGFBP5
Q9Y6F6	IRAG1
P14616	INSRR
P09466	PAEP
P26715	KLRC1
P19419	ELK1
P28324	ELK4
Q15853	USF2
