,Id,category,identifier
1,1,Ligand,EPOR
2,2,Ligand,FYN
3,3,Ligand,KL
4,4,Ligand,S100A10
5,5,Ligand,JAG2
6,6,Ligand,DLL1
7,7,Ligand,IGF1
8,8,Ligand,CCL2
9,9,Ligand,VCL
10,10,Ligand,TP53
11,11,Ligand,WNT1
12,12,Ligand,JAG1
13,13,Ligand,TGFA
14,14,Ligand,TLN1
15,15,Ligand,WNT5A
16,16,Ligand,IL22
17,17,Ligand,EPO
18,18,Ligand,COMPLEX:IL6R_IL6ST
19,19,Ligand,COMPLEX:IL12B_IL23A
20,20,Ligand,CCL3L3
21,21,Ligand,TNFSF10
22,22,Ligand,TNFRSF1A
23,23,Ligand,IL10
24,24,Ligand,IFNG
25,25,Ligand,IGF2
26,26,Ligand,FLT3LG
27,27,Ligand,KITLG
28,28,Ligand,CXCL9
29,29,Ligand,CCL5
30,30,Ligand,CCL8
31,31,Ligand,CCL4
32,32,Ligand,IL6
33,33,Ligand,EGF
34,34,Ligand,IL1A
35,35,Ligand,DKK1
36,36,Ligand,COMPLEX:IL1R1_IL1RAP
37,37,Ligand,CD80
38,38,Ligand,ANXA1
39,39,Ligand,TNFSF14
40,40,Ligand,CD40LG
41,41,Ligand,TNFSF13B
42,42,Ligand,LTA
43,43,Ligand,LTB
44,44,Ligand,NRG1
45,45,Ligand,NDP
46,46,Ligand,NGF
47,47,Ligand,IL4R
48,48,Ligand,IL4
49,49,Ligand,PCNA
50,50,Ligand,GHR
51,51,Ligand,PRLR
52,52,Ligand,LEPR
53,53,Ligand,PTPN6
54,54,Ligand,LFNG
55,55,Ligand,PTPN11
56,56,Ligand,CXCL10
57,57,Ligand,IL7R
58,58,Ligand,GNRH1
59,59,Ligand,COMPLEX:EGFR_ERBB3
60,60,Ligand,CSF3
61,61,Ligand,CSF2
62,62,Ligand,HGF
63,63,Ligand,TGFB1
64,64,Ligand,TNF
65,65,Ligand,INS
66,66,Ligand,TNFSF9
67,67,Ligand,CD70
68,68,Ligand,FASLG
69,69,Ligand,SHH
70,70,Ligand,DHH
71,71,Ligand,IHH
72,72,Ligand,LGALS9
73,73,Ligand,FZD8
74,74,Ligand,WNT4
75,75,Ligand,IL6ST
76,76,Ligand,TGFB3
77,77,Ligand,TGFB2
78,78,Ligand,WNT3A
79,79,Ligand,CXCL11
80,80,Ligand,WNT2
81,81,Ligand,WNT3
82,82,Ligand,IL1RN
83,83,Ligand,WNT7A
84,84,Ligand,IL2
85,85,Ligand,KIT
86,86,Ligand,CCN3
87,87,Ligand,IL3
88,88,Ligand,CNTN1
89,89,Ligand,IL9R
90,90,Ligand,IL5
91,91,Ligand,IL9
92,92,Ligand,IL1B
93,93,Ligand,IL7
94,94,Ligand,NR0B2
95,95,Ligand,ICOSLG
96,96,Ligand,DLL4
97,97,Ligand,LIF
98,98,Ligand,IL13
99,99,Ligand,BMP2
100,100,Ligand,GDF5
101,101,Ligand,NOTCH1
102,102,Ligand,IFNAR2
103,103,Ligand,PRL
104,104,Ligand,GH1
105,105,Ligand,TYK2
106,106,Ligand,TSLP
107,107,Ligand,IL12A
108,108,Ligand,IFNA13
109,109,Ligand,IFNB1
110,110,Ligand,IL15
111,111,Ligand,NRG3
112,112,Ligand,HHIP
113,113,Ligand,WNT8A
114,114,Ligand,AREG
115,115,Ligand,HBEGF
116,116,Ligand,NRG4
117,117,Ligand,CRLF2
118,118,Ligand,DLL3
119,119,Ligand,IL23A
120,120,Ligand,IL6R
121,121,Ligand,LRIG1
122,122,Ligand,LIFR
123,123,Ligand,IL31
124,124,Ligand,OSM
125,125,Ligand,IL21
126,126,Ligand,AMH
127,127,Ligand,INHBA
128,128,Ligand,BMP7
129,129,Ligand,BMP6
130,130,Ligand,GDF6
131,131,Ligand,BMP4
132,132,Ligand,IL20
133,133,Ligand,IL24
134,134,Ligand,IL26
135,135,Ligand,IL19
136,136,Ligand,IL27
137,137,Ligand,CTF1
138,138,Ligand,PDGFC
139,139,Ligand,PDGFA
140,140,Ligand,PDGFB
141,141,Ligand,FGF1
142,142,Ligand,FGF2
143,143,Ligand,FGF3
144,144,Ligand,FGF4
145,145,Ligand,FGF7
146,146,Ligand,FGF8
147,147,Ligand,FGF9
148,148,Ligand,FGF10
149,149,Ligand,VEGFB
150,150,Ligand,EFNA1
151,151,Ligand,EFNA2
152,152,Ligand,EFNA5
153,153,Ligand,EFNB3
154,154,Ligand,EFNA3
155,155,Ligand,EFNA4
156,156,Ligand,EFNB2
157,157,Ligand,ANGPT2
158,158,Ligand,ANGPT1
159,159,Ligand,ANGPT4
160,160,Ligand,GAS6
161,161,Ligand,GDNF
162,162,Ligand,FRZB
163,163,Ligand,MUC1
164,164,Ligand,CSF3R
165,165,Ligand,THPO
166,166,Ligand,CSF2RA
167,167,Ligand,NRG2
168,168,Ligand,LEP
169,169,Ligand,BTC
170,170,Ligand,BMP8B
171,171,Ligand,CSF1
172,172,Ligand,WNT10B
173,173,Ligand,IL1RAP
174,174,Ligand,IL11
175,175,Ligand,ACTR2
176,176,Ligand,GDF11
177,177,Ligand,NODAL
178,178,Ligand,BMP15
179,179,Ligand,SOCS2
180,180,Ligand,IFNK
181,181,Ligand,IL36G
182,182,Ligand,IFNL1
183,183,Ligand,IFNL2
184,184,Ligand,IFNL3
185,185,Ligand,MDK
186,186,Ligand,MFAP2
187,187,Ligand,PDGFD
188,188,Ligand,FGF6
189,189,Ligand,FGF17
190,190,Ligand,FGF18
191,191,Ligand,FGF22
192,192,Ligand,MST1
193,193,Ligand,BDNF
194,194,Ligand,NTF3
195,195,Ligand,EFNB1
196,196,Ligand,EPHA3
197,197,Ligand,AFDN
198,198,Ligand,PTN
199,199,Ligand,ANGPTL1
200,200,Ligand,CXCL12
201,201,Ligand,CCL19
202,202,Ligand,CCL21
203,203,Ligand,CCL25
204,204,Ligand,ADM
205,205,Ligand,ADM2
206,206,Ligand,CALCA
207,207,Ligand,CALCB
208,208,Ligand,IAPP
209,209,Ligand,APLN
210,210,Ligand,APELA
211,211,Ligand,AGT
212,212,Ligand,NMB
213,213,Ligand,GRP
214,214,Ligand,KNG1
215,215,Ligand,CCK
216,216,Ligand,CCL14
217,217,Ligand,CCL15
218,218,Ligand,CCL23
219,219,Ligand,CCL3
220,220,Ligand,CCL7
221,221,Ligand,CCL27
222,222,Ligand,CCL13
223,223,Ligand,CCL11
224,224,Ligand,CCL24
225,225,Ligand,CCL26
226,226,Ligand,CCL17
227,227,Ligand,CCL22
228,228,Ligand,DEFB4B
229,229,Ligand,CCL20
230,230,Ligand,CCL1
231,231,Ligand,RARRES2
232,232,Ligand,CRH
233,233,Ligand,UCN
234,234,Ligand,UCN2
235,235,Ligand,UCN3
236,236,Ligand,CXCL6
237,237,Ligand,CXCL8
238,238,Ligand,CXCL1
239,239,Ligand,CXCL2
240,240,Ligand,CXCL3
241,241,Ligand,CXCL5
242,242,Ligand,PPBP
243,243,Ligand,CXCL13
244,244,Ligand,CX3CL1
245,245,Ligand,POMC
246,246,Ligand,PDYN
247,247,Ligand,PENK
248,248,Ligand,EDA
249,249,Ligand,EDN1
250,250,Ligand,EDN2
251,251,Ligand,EDN3
252,252,Ligand,FGF19
253,253,Ligand,MT-RNR2
254,254,Ligand,SAA1
255,255,Ligand,GAL
256,256,Ligand,SPX
257,257,Ligand,GDF15
258,258,Ligand,GHRL
259,259,Ligand,GIP
260,260,Ligand,GCG
261,261,Ligand,GNRH2
262,262,Ligand,NPPA
263,263,Ligand,NPPB
264,264,Ligand,NPPC
265,265,Ligand,CCL16
266,266,Ligand,RSPO1
267,267,Ligand,RSPO2
268,268,Ligand,RSPO3
269,269,Ligand,RSPO4
270,270,Ligand,SVEP1
271,271,Ligand,KISS1
272,272,Ligand,CGA
273,273,Ligand,CGB5
274,274,Ligand,LHB
275,275,Ligand,PMCH
276,276,Ligand,AGRP
277,277,Ligand,MLN
278,278,Ligand,OSTN
279,279,Ligand,TAC1
280,280,Ligand,TAC3
281,281,Ligand,NMS
282,282,Ligand,NMU
283,283,Ligand,PNOC
284,284,Ligand,NPB
285,285,Ligand,NPW
286,286,Ligand,NPFF
287,287,Ligand,NPVF
288,288,Ligand,NPS
289,289,Ligand,NTS
290,290,Ligand,OXT
291,291,Ligand,AVP
292,292,Ligand,HCRT
293,293,Ligand,ADCYAP1
294,294,Ligand,VIP
295,295,Ligand,PROK1
296,296,Ligand,PROK2
297,297,Ligand,PRLH
298,298,Ligand,NPY
299,299,Ligand,PTHLH
300,300,Ligand,PTH2
301,301,Ligand,QRFP
302,302,Ligand,RLN2
303,303,Ligand,RLN1
304,304,Ligand,RLN3
305,305,Ligand,INSL3
306,306,Ligand,INSL5
307,307,Ligand,SCT
308,308,Ligand,CORT
309,309,Ligand,SST
310,310,Ligand,UTS2
311,311,Ligand,UTS2B
312,312,Ligand,GHRH
313,313,Ligand,XCL1
314,314,Ligand,XCL2
315,315,Ligand,PYY
316,316,Ligand,PPY
317,317,Ligand,L1CAM
318,318,Ligand,PRSS1
319,319,Ligand,WNT6
320,320,Ligand,RELN
321,321,Ligand,VTN
322,322,Ligand,VEGFA
323,323,Ligand,CALR
324,324,Ligand,HLA-DRB1
325,325,Ligand,HLA-DMA
326,326,Ligand,HLA-DRB3
327,327,Ligand,HLA-DPA1
328,328,Ligand,HLA-DQA1
329,329,Ligand,HLA-DRA
330,330,Ligand,HLA-DQB1
331,331,Ligand,HLA-DOA
332,332,Ligand,HLA-DQB2
333,333,Ligand,HLA-DRB5
334,334,Ligand,HLA-DRB4
335,335,Ligand,HLA-DQA2
336,336,Ligand,HLA-DMB
337,337,Ligand,HLA-DOB
338,338,Ligand,HLA-DPB1
339,339,Ligand,IFNA17
340,340,Ligand,NTF4
341,341,Ligand,SEMA3C
342,342,Ligand,WNT7B
343,343,Ligand,WNT10A
344,344,Ligand,COMPLEX:LAMA1_LAMB1_LAMC1
345,345,Ligand,ARTN
346,346,Ligand,IL34
347,347,Ligand,MFGE8
348,348,Ligand,MIF
349,349,Ligand,PECAM1
350,350,Ligand,NXPH1
351,351,Ligand,TSHB
352,352,Ligand,CTSG
353,353,Ligand,FGF12
354,354,Ligand,IL15RA
355,355,Ligand,LRFN5
356,356,Ligand,COMPLEX:LAMA4_LAMB1_LAMC1
357,357,Ligand,COMPLEX:LAMA5_LAMB1_LAMC1
358,358,Ligand,WNT8B
359,359,Ligand,IL17A
360,360,Ligand,TNFSF13
361,361,Ligand,PRSS2
362,362,Ligand,NOG
363,363,Ligand,WNT9B
364,364,Ligand,CLCF1
365,365,Ligand,APOB
366,366,Ligand,CLU
367,367,Ligand,FSTL1
368,368,Ligand,COMPLEX:S100A8_S100A9
369,369,Ligand,NLGN2
370,370,Ligand,NECTIN2
371,371,Ligand,WNT11
372,372,Ligand,SEMA3B
373,373,Ligand,IL17B
374,374,Ligand,NTNG2
375,375,Ligand,PRSS3
376,376,Ligand,FAS
377,377,Ligand,NPNT
378,378,Ligand,GDF2
379,379,Ligand,TNFSF15
380,380,Ligand,TNFRSF6B
381,381,Ligand,VEGFC
382,382,Ligand,MSTN
383,383,Ligand,SLIT2
384,384,Ligand,ACE2
385,385,Ligand,PLG
386,386,Ligand,FGF13
387,387,Ligand,NTN3
388,388,Ligand,NTN1
389,389,Ligand,NTN4
390,390,Ligand,EREG
391,391,Ligand,LY96
392,392,Ligand,GAST
393,393,Ligand,FLT4
394,394,Ligand,SEMA7A
395,395,Ligand,FGF11
396,396,Ligand,FGF14
397,397,Ligand,WNT5B
398,398,Ligand,S100A8
399,399,Ligand,BMP10
400,400,Ligand,COMPLEX:LAMA3_LAMB3_LAMC2
401,401,Ligand,GRN
402,402,Ligand,IFNW1
403,403,Ligand,KMT2E
404,404,Ligand,SEMA3F
405,405,Ligand,NLGN1
406,406,Ligand,ADIPOQ
407,407,Ligand,APOE
408,408,Ligand,S100A9
409,409,Ligand,GPHA2
410,410,Ligand,LRRC4B
411,411,Ligand,SEMA3A
412,412,Ligand,TNFSF11
413,413,Ligand,IL12B
414,414,Ligand,GALP
415,415,Ligand,WNT16
416,416,Ligand,PTH
417,417,Ligand,F2RL2
418,418,Ligand,WNT9A
419,419,Ligand,KDR
420,420,Ligand,FGF5
421,421,Ligand,TNC
422,422,Ligand,ARF6
423,423,Ligand,SLIT1
424,424,Ligand,NLGN3
425,425,Ligand,FGFR4
426,426,Ligand,NLGN4X
427,427,Ligand,FGFR3
428,428,Ligand,ULBP2
429,429,Ligand,NPTX1
430,430,Ligand,VWF
431,431,Ligand,PIK3IP1
432,432,Ligand,HLA-G
433,433,Ligand,SEMA5A
434,434,Ligand,DLK1
435,435,Ligand,PLAUR
436,436,Ligand,WNT2B
437,437,Ligand,CNTN6
438,438,Ligand,NRTN
439,439,Ligand,TEK
440,440,Ligand,IL18
441,441,Ligand,GUCA2A
442,442,Ligand,ICAM1
443,443,Ligand,ZFP91
444,444,Ligand,ADGRE5
445,445,Ligand,VEGFD
446,446,Ligand,TG
447,447,Ligand,SPP1
448,448,Ligand,CCN2
449,449,Ligand,TNFSF4
450,450,Ligand,ICAM3
451,451,Ligand,CGB7
452,452,Ligand,TRH
453,453,Ligand,EPGN
454,454,Ligand,CP
455,455,Ligand,PSPN
456,456,Ligand,RGMA
457,457,Ligand,DLK2
458,458,Ligand,TPSAB1
459,459,Ligand,THBS2
460,460,Ligand,CD274
461,461,Ligand,COMPLEX:CGA_TSHB
462,462,Ligand,GUCA2B
463,463,Ligand,COMPLEX:ITGAD_ITGB2
464,464,Ligand,VCAM1
465,465,Ligand,INHA
466,466,Ligand,COMPLEX:F8_F9
467,467,Ligand,ITGAL
468,468,Ligand,ITGAD
469,469,Ligand,ANG
470,470,Ligand,BMP5
471,471,Ligand,BMP8A
472,472,Ligand,CCL18
473,473,Ligand,CCL28
474,474,Ligand,CCL4L2
475,475,Ligand,CD160
476,476,Ligand,CD48
477,477,Ligand,CD58
478,478,Ligand,CD72
479,479,Ligand,COMPLEX:CLCF1_CRLF1
480,480,Ligand,CLEC4G
481,481,Ligand,COL10A1
482,482,Ligand,COL11A2
483,483,Ligand,COL12A1
484,484,Ligand,COL13A1
485,485,Ligand,COL15A1
486,486,Ligand,COL16A1
487,487,Ligand,COL17A1
488,488,Ligand,COL19A1
489,489,Ligand,COL20A1
490,490,Ligand,COL21A1
491,491,Ligand,COL22A1
492,492,Ligand,COL24A1
493,493,Ligand,COL26A1
494,494,Ligand,COL27A1
495,495,Ligand,COL28A1
496,496,Ligand,COL6A3
497,497,Ligand,COL6A5
498,498,Ligand,COL6A6
499,499,Ligand,COL8A2
500,500,Ligand,DCN
501,501,Ligand,DSC1
502,502,Ligand,DSC2
503,503,Ligand,DSC3
504,504,Ligand,EDIL3
505,505,Ligand,EFEMP1
506,506,Ligand,FGF16
507,507,Ligand,FGF20
508,508,Ligand,FGF21
509,509,Ligand,FGF23
510,510,Ligand,FGL1
511,511,Ligand,GDF1
512,512,Ligand,GDF10
513,513,Ligand,GDF3
514,514,Ligand,GDF7
515,515,Ligand,GDF9
516,516,Ligand,GH2
517,517,Ligand,HHLA2
518,518,Ligand,HLA-A
519,519,Ligand,HLA-B
520,520,Ligand,HLA-C
521,521,Ligand,HLA-E
522,522,Ligand,HLA-F
523,523,Ligand,HP
524,524,Ligand,IFNA10
525,525,Ligand,IFNA14
526,526,Ligand,IFNA16
527,527,Ligand,IFNA2
528,528,Ligand,IFNA21
529,529,Ligand,IFNA4
530,530,Ligand,IFNA5
531,531,Ligand,IFNA6
532,532,Ligand,IFNA7
533,533,Ligand,IFNA8
534,534,Ligand,IFNE
535,535,Ligand,COMPLEX:IGHG1_IGLC1
536,536,Ligand,COMPLEX:IL12A_IL12B
537,537,Ligand,COMPLEX:EBI3_IL12A
538,538,Ligand,IL16
539,539,Ligand,IL17C
540,540,Ligand,IL17F
541,541,Ligand,IL1F10
542,542,Ligand,IL25
543,543,Ligand,COMPLEX:EBI3_IL27
544,544,Ligand,COMPLEX:IL12A_IL27
545,545,Ligand,IL33
546,546,Ligand,COMPLEX:CSF1_IL34
547,547,Ligand,IL36A
548,548,Ligand,IL36B
549,549,Ligand,IL36RN
550,550,Ligand,IL37
551,551,Ligand,COMPLEX:INHBA_INHBB
552,552,Ligand,INHBB
553,553,Ligand,ICAM2
554,554,Ligand,JAML
555,555,Ligand,LGALS1
556,556,Ligand,LGALS3
557,557,Ligand,COMPLEX:LTA_LTB
558,558,Ligand,MICA
559,559,Ligand,MICB
560,560,Ligand,NCR3LG1
561,561,Ligand,NECTIN3
562,562,Ligand,PDCD1LG2
563,563,Ligand,PF4
564,564,Ligand,PF4V1
565,565,Ligand,PGF
566,566,Ligand,SCD5
567,567,Ligand,SEMA4B
568,568,Ligand,SERTAD1
569,569,Ligand,SFTPD
570,570,Ligand,SIGLEC9
571,571,Ligand,SOST
572,572,Ligand,TNFSF12
573,573,Ligand,TNFSF18
574,574,Ligand,TNFSF8
575,575,Ligand,TXLNA
576,576,Ligand,VCAN
577,577,Ligand,CD209
578,578,Ligand,CEACAM6
579,579,Ligand,PCSK1N
580,580,Ligand,DKK4
581,581,Ligand,RETN
582,582,Ligand,EBI3
583,583,Ligand,ICAM5
584,584,Ligand,CD1D
585,585,Ligand,COMP
586,586,Ligand,LAMB1
587,587,Ligand,APOC3
588,588,Ligand,CLEC2B
589,589,Ligand,ULBP1
590,590,Ligand,LAMA4
591,591,Ligand,SEMA3G
592,592,Ligand,APOA1
593,593,Ligand,GSTM2
594,594,Ligand,PI3
595,595,Ligand,SLURP1
596,596,Ligand,LMAN1
597,597,Ligand,APOC2
598,598,Ligand,BST2
599,599,Ligand,LAMA5
600,600,Ligand,FST
601,601,Ligand,LACRT
602,602,Ligand,LAMC1
603,603,Ligand,ORM1
604,604,Ligand,TGS1
605,605,Ligand,THBS1
606,606,Ligand,ANOS1
607,607,Ligand,LGALS3BP
608,608,Ligand,MIA
609,609,Ligand,CNTN3
610,610,Ligand,CKLF
611,611,Ligand,LAMC2
612,612,Ligand,NID1
613,613,Ligand,NPTX2
614,614,Ligand,INHBE
615,615,Ligand,LUM
616,616,Ligand,CGN
617,617,Ligand,LEFTY1
618,618,Ligand,NXPH2
619,619,Ligand,SFRP2
620,620,Ligand,BMP3
621,621,Ligand,SEMA3D
622,622,Ligand,DKK2
623,623,Ligand,WIF1
624,624,Ligand,ADAMTS3
625,625,Ligand,PIP
626,626,Ligand,TFF2
627,627,Ligand,TFF1
628,628,Ligand,S100B
629,629,Ligand,S100A1
630,630,Ligand,SCGB3A1
631,631,Ligand,DRAXIN
632,632,Ligand,ARPC5
633,633,Ligand,SCGB3A2
634,634,Ligand,DEFB1
635,635,Ligand,JAM3
636,636,Ligand,ANGPTL4
637,637,Ligand,HSPA4
638,638,Ligand,PCSK9
639,639,Ligand,SEMA3E
640,640,Ligand,BMP1
641,641,Ligand,INHBC
642,642,Ligand,CSHL1
643,643,Ligand,CSH1
644,644,Ligand,AGTRAP
645,645,Ligand,DEFB103A
646,646,Ligand,LPA
647,647,Ligand,LAMA3
648,648,Ligand,SEMA6D
649,649,Ligand,IZUMO1
650,650,Ligand,CNTN2
651,651,Ligand,BCAN
652,652,Ligand,FBLN1
653,653,Ligand,SLIT3
654,654,Ligand,TAC4
655,655,Ligand,CXCL14
656,656,Ligand,C1QTNF1
657,657,Ligand,DMP1
658,658,Ligand,ICAM4
659,659,Ligand,APOA4
660,660,Ligand,ALKAL1
661,661,Ligand,LAMC3
662,662,Ligand,LEFTY2
663,663,Ligand,APOA2
664,664,Ligand,S100A12
665,665,Ligand,ANGPTL3
666,666,Ligand,ANGPTL2
667,667,Ligand,RPH3A
668,668,Ligand,LAMA1
669,669,Ligand,LAMB3
670,670,Ligand,CNTN4
671,671,Ligand,FBLN2
672,672,Ligand,TF
673,673,Ligand,CCN1
674,674,Ligand,LAMA2
675,675,Ligand,FSHB
676,676,Ligand,C1QTNF5
677,677,Ligand,HSPA8
678,678,Ligand,LGALS8
679,679,Ligand,LAMB2
680,680,Ligand,CD99
681,681,Ligand,FAM3C
682,682,Ligand,CD34
683,683,Ligand,RAET1L
684,684,Ligand,ULBP3
685,685,Ligand,RAET1E
686,686,Ligand,RAET1G
687,687,Ligand,FCN2
688,688,Ligand,HPX
689,689,Ligand,IGFL2
690,690,Ligand,IGFL1
691,691,Ligand,IGFL3
692,692,Ligand,SFTPA1
693,693,Ligand,AZGP1
694,694,Ligand,CRISP3
695,695,Ligand,GC
696,696,Ligand,SCGB1A1
697,697,Ligand,GREM1
698,698,Ligand,S100A4
699,699,Ligand,ZP3
700,700,Ligand,LRIG2
701,701,Ligand,DEFB106A
702,702,Ligand,LTBP3
703,703,Ligand,CHAD
704,704,Ligand,ALCAM
705,705,Ligand,CER1
706,706,Ligand,CD200
707,707,Ligand,CD200R1
708,708,Ligand,C4B
709,709,Ligand,APOD
710,710,Ligand,DKK3
711,711,Ligand,OBP2A
712,712,Ligand,AMELX
713,713,Ligand,CD5L
714,714,Ligand,PIGA
715,715,Ligand,GSTO1
716,716,Ligand,CEACAM16
717,717,Ligand,CD59
718,718,Ligand,APOC4
719,719,Ligand,ALKAL2
720,720,Ligand,DSPP
721,721,Ligand,SPON2
722,722,Ligand,PRG4
723,723,Ligand,CXCL17
724,724,Ligand,COMPLEX:INHA_INHBA
725,725,Ligand,COMPLEX:INHA_INHBB
726,726,Ligand,COMPLEX:IL17A_IL17F
727,727,Ligand,ANGPTL7
728,728,Ligand,POSTN
729,729,Ligand,ENHO
730,730,Ligand,BAG6
731,731,Ligand,CD8A
732,732,Ligand,CEACAM5
733,733,Ligand,CLEC2D
734,734,Ligand,CLEC2A
735,735,Ligand,CLEC1B
736,736,Ligand,JAM2
737,737,Ligand,SEMA5B
738,738,Ligand,SEMA6B
739,739,Ligand,ADAM11
740,740,Ligand,AMBN
741,741,Ligand,AMELY
742,742,Ligand,ANXA2
743,743,Ligand,CCN4
744,744,Ligand,CD177
745,745,Ligand,CD52
746,746,Ligand,CEACAM8
747,747,Ligand,CFP
748,748,Ligand,CIRBP
749,749,Ligand,CLEC11A
750,750,Ligand,CRLF1
751,751,Ligand,CYTL1
752,752,Ligand,ECM1
753,753,Ligand,ENAM
754,754,Ligand,FAM3D
755,755,Ligand,FNDC5
756,756,Ligand,GPHB5
757,757,Ligand,IFNL4
758,758,Ligand,IL32
759,759,Ligand,LEAP2
760,760,Ligand,LGI1
761,761,Ligand,LGI2
762,762,Ligand,LGI3
763,763,Ligand,LGI4
764,764,Ligand,MMRN2
765,765,Ligand,MSMP
766,766,Ligand,MYL9
767,767,Ligand,MYOC
768,768,Ligand,NECTIN4
769,769,Ligand,NELL2
770,770,Ligand,NXPH3
771,771,Ligand,PGLYRP1
772,772,Ligand,PLA2G2A
773,773,Ligand,PODXL2
774,774,Ligand,PRND
775,775,Ligand,RBP3
776,776,Ligand,SDC2
777,777,Ligand,SECTM1
778,778,Ligand,SERPINF1
779,779,Ligand,SIRPB2
780,780,Ligand,SLITRK1
781,781,Ligand,SNCA
782,782,Ligand,SOSTDC1
783,783,Ligand,SPON1
784,784,Ligand,TAFA4
785,785,Ligand,TCN1
786,786,Ligand,TFF3
787,787,Ligand,TOR2A
788,788,Ligand,YBX1
789,789,Ligand,PILRA
790,790,Ligand,ADO
791,791,Ligand,IL11RA
792,792,Ligand,IGSF1
793,793,Ligand,PAM
794,794,Ligand,PI16
795,795,Ligand,PSG5
796,796,Ligand,EFEMP2
797,797,Ligand,BTN1A1
798,798,Ligand,HAPLN1
799,799,Ligand,SLURP2
800,800,Ligand,FSTL5
801,801,Ligand,IMPG2
802,802,Ligand,IGFBPL1
803,803,Ligand,LILRB1
804,804,Ligand,CLDN19
805,805,Ligand,WFIKKN2
806,806,Ligand,MXRA5
807,807,Ligand,OCLN
808,808,Ligand,IGSF10
809,809,Ligand,FLRT2
810,810,Ligand,PIGR
811,811,Ligand,APOO
812,812,Ligand,RARRES1
813,813,Ligand,PSG7
814,814,Ligand,PSG9
815,815,Ligand,ETV5
816,816,Ligand,SPARC
817,817,Ligand,IL18BP
818,818,Ligand,ZPBP2
819,819,Ligand,BPI
820,820,Ligand,FLRT3
821,821,Ligand,IGFBP7
822,822,Ligand,SCUBE2
823,823,Ligand,THBS4
824,824,Ligand,SLAMF6
825,825,Ligand,CRTAM
826,826,Ligand,CLDN16
827,827,Ligand,TPO
828,828,Ligand,NPTN
829,829,Ligand,FRS3
830,830,Ligand,SNX14
831,831,Ligand,SHANK2
832,832,Ligand,NRP1
833,833,Ligand,PSG6
834,834,Ligand,CD320
835,835,Ligand,OLFM2
836,836,Ligand,DBP
837,837,Ligand,CSH2
838,838,Ligand,CLDN14
839,839,Ligand,SORL1
840,840,Ligand,SLC6A8
841,841,Ligand,TPSB2
842,842,Ligand,LAIR2
843,843,Ligand,CHL1
844,844,Ligand,SEMA6C
845,845,Ligand,PSG4
846,846,Ligand,CNMD
847,847,Ligand,CD6
848,848,Ligand,GPR15LG
849,849,Ligand,CLUL1
850,850,Ligand,MANSC1
851,851,Ligand,MSMB
852,852,Ligand,SPAG11B
853,853,Ligand,PNP
854,854,Ligand,DUSP18
855,855,Ligand,HPGDS
856,856,Ligand,COMPLEX:APP_BACE1_PSEN1
857,857,Ligand,COMPLEX:APP_BACE1
858,858,Ligand,ESM1
859,859,Ligand,SI
860,860,Ligand,RLF
861,861,Receptor,TRPC3
862,862,Receptor,TRPC4
863,863,Receptor,TRPC6
864,864,Receptor,TRPV4
865,865,Receptor,TRPV5
866,866,Receptor,TRPV6
867,867,Receptor,JAK2
868,868,Receptor,NOTCH1
869,869,Receptor,IGF1R
870,870,Receptor,MMP14
871,871,Receptor,PRKCA
872,872,Receptor,MCL1
873,873,Receptor,ERBB2
874,874,Receptor,DAPK1
875,875,Receptor,ITGB1
876,876,Receptor,ABCB1
877,877,Receptor,ADGRB1
878,878,Receptor,FZD2
879,879,Receptor,DNMT1
880,880,Receptor,EGFR
881,881,Receptor,EPHA2
882,882,Receptor,BDKRB2
883,883,Receptor,CASP6
884,884,Receptor,CASP10
885,885,Receptor,CASP1
886,886,Receptor,BIRC5
887,887,Receptor,IL10RB
888,888,Receptor,EPOR
889,889,Receptor,JAK1
890,890,Receptor,DDR1
891,891,Receptor,CTSD
892,892,Receptor,CX3CL1
893,893,Receptor,IL12RB1
894,894,Receptor,CCR5
895,895,Receptor,TNFRSF10C
896,896,Receptor,RIPK3
897,897,Receptor,IL10RA
898,898,Receptor,IFNGR1
899,899,Receptor,DAPK2
900,900,Receptor,IGF2R
901,901,Receptor,FLT3
902,902,Receptor,KIT
903,903,Receptor,BCL2
904,904,Receptor,VDR
905,905,Receptor,TRPM2
906,906,Receptor,PLK2
907,907,Receptor,ODC1
908,908,Receptor,NOS3
909,909,Receptor,P2RX6
910,910,Receptor,MMP2
911,911,Receptor,MET
912,912,Receptor,NLRC4
913,913,Receptor,PTK2
914,914,Receptor,PTEN
915,915,Receptor,PRKAB1
916,916,Receptor,PLK3
917,917,Receptor,SLC38A2
918,918,Receptor,TNFRSF10A
919,919,Receptor,TGFA
920,920,Receptor,TAP1
921,921,Receptor,CSNK2B
922,922,Receptor,CXCR3
923,923,Receptor,IL6ST
924,924,Receptor,IL1R1
925,925,Receptor,FASLG
926,926,Receptor,BCL6
927,927,Receptor,HSP90AB1
928,928,Receptor,HSPA8
929,929,Receptor,LGALS3
930,930,Receptor,LRP6
931,931,Receptor,LRP5
932,932,Receptor,FZD5
933,933,Receptor,MYD88
934,934,Receptor,CD28
935,935,Receptor,FPR2
936,936,Receptor,LTBR
937,937,Receptor,CD40
938,938,Receptor,MAP3K14
939,939,Receptor,TNFRSF1A
940,940,Receptor,EP300
941,941,Receptor,INSR
942,942,Receptor,FZD4
943,943,Receptor,NTRK1
944,944,Receptor,IL4R
945,945,Receptor,JAK3
946,946,Receptor,CD247
947,947,Receptor,NOTCH2
948,948,Receptor,TXK
949,949,Receptor,ITPR1
950,950,Receptor,CTLA4
951,951,Receptor,IL2RB
952,952,Receptor,CTNND1
953,953,Receptor,SYK
954,954,Receptor,PTK2B
955,955,Receptor,CD72
956,956,Receptor,PIK3R1
957,957,Receptor,PIK3R2
958,958,Receptor,CSF2RB
959,959,Receptor,MDM2
960,960,Receptor,PADI4
961,961,Receptor,NFE2L2
962,962,Receptor,LATS2
963,963,Receptor,CAMK2A
964,964,Receptor,CAMK2B
965,965,Receptor,RGS16
966,966,Receptor,TNFRSF10B
967,967,Receptor,BIRC3
968,968,Receptor,ABL1
969,969,Receptor,TNFRSF10D
970,970,Receptor,CSF3R
971,971,Receptor,CSF2RA
972,972,Receptor,PPM1D
973,973,Receptor,NOS2
974,974,Receptor,TNFRSF1B
975,975,Receptor,TNFRSF9
976,976,Receptor,RRM2B
977,977,Receptor,FAS
978,978,Receptor,CD27
979,979,Receptor,RIPK1
980,980,Receptor,PTCH1
981,981,Receptor,GNRHR
982,982,Receptor,ROR2
983,983,Receptor,HAVCR2
984,984,Receptor,NOTCH3
985,985,Receptor,ACVRL1
986,986,Receptor,PTCH2
987,987,Receptor,FZD6
988,988,Receptor,RYK
989,989,Receptor,IL6R
990,990,Receptor,TGFBR2
991,991,Receptor,TGFBR3
992,992,Receptor,TGFBR1
993,993,Receptor,KREMEN1
994,994,Receptor,FZD1
995,995,Receptor,CD79A
996,996,Receptor,KREMEN2
997,997,Receptor,STAT3
998,998,Receptor,IL2RG
999,999,Receptor,IL2RA
1000,1000,Receptor,CD22
1001,1001,Receptor,IL1R2
1002,1002,Receptor,IL5RA
1003,1003,Receptor,SIRPA
1004,1004,Receptor,NGFR
1005,1005,Receptor,IL3RA
1006,1006,Receptor,IL7R
1007,1007,Receptor,AR
1008,1008,Receptor,ICOS
1009,1009,Receptor,GAS1
1010,1010,Receptor,IL9R
1011,1011,Receptor,NOTCH4
1012,1012,Receptor,LIFR
1013,1013,Receptor,IL13RA1
1014,1014,Receptor,IL13RA2
1015,1015,Receptor,BMPR2
1016,1016,Receptor,CHUK
1017,1017,Receptor,ZAP70
1018,1018,Receptor,PRLR
1019,1019,Receptor,GHR
1020,1020,Receptor,IFNAR1
1021,1021,Receptor,IFNGR2
1022,1022,Receptor,CRLF2
1023,1023,Receptor,IFNAR2
1024,1024,Receptor,IL15RA
1025,1025,Receptor,ERBB4
1026,1026,Receptor,HHIP
1027,1027,Receptor,SHH
1028,1028,Receptor,FZD7
1029,1029,Receptor,TYK2
1030,1030,Receptor,LRP2
1031,1031,Receptor,IL23R
1032,1032,Receptor,ERBB3
1033,1033,Receptor,OSMR
1034,1034,Receptor,IL21R
1035,1035,Receptor,AMHR2
1036,1036,Receptor,ACVR2B
1037,1037,Receptor,BOC
1038,1038,Receptor,IL22RA1
1039,1039,Receptor,IL20RA
1040,1040,Receptor,IL27RA
1041,1041,Receptor,PDGFRA
1042,1042,Receptor,PDGFRB
1043,1043,Receptor,FGFR1
1044,1044,Receptor,FGFR2
1045,1045,Receptor,FGF10
1046,1046,Receptor,FLT1
1047,1047,Receptor,EPHA1
1048,1048,Receptor,EPHA5
1049,1049,Receptor,EPHB3
1050,1050,Receptor,EPHA6
1051,1051,Receptor,EPHA7
1052,1052,Receptor,EPHA8
1053,1053,Receptor,EPHA4
1054,1054,Receptor,EPHA3
1055,1055,Receptor,EPHB4
1056,1056,Receptor,TEK
1057,1057,Receptor,AXL
1058,1058,Receptor,MERTK
1059,1059,Receptor,RET
1060,1060,Receptor,ESR1
1061,1061,Receptor,WNT5A
1062,1062,Receptor,SIRT1
1063,1063,Receptor,MAPK8
1064,1064,Receptor,MPL
1065,1065,Receptor,LEPR
1066,1066,Receptor,FZD8
1067,1067,Receptor,BMPR1A
1068,1068,Receptor,ACVR1
1069,1069,Receptor,FZD9
1070,1070,Receptor,STAT6
1071,1071,Receptor,IL11RA
1072,1072,Receptor,FZD3
1073,1073,Receptor,IL31RA
1074,1074,Receptor,ACVR1B
1075,1075,Receptor,IFNLR1
1076,1076,Receptor,IL20RB
1077,1077,Receptor,IL22RA2
1078,1078,Receptor,ITGB8
1079,1079,Receptor,ITGB6
1080,1080,Receptor,FGFR3
1081,1081,Receptor,MST1R
1082,1082,Receptor,NTRK2
1083,1083,Receptor,NTRK3
1084,1084,Receptor,EPHB1
1085,1085,Receptor,EPHB2
1086,1086,Receptor,SRC
1087,1087,Receptor,FYN
1088,1088,Receptor,ALK
1089,1089,Receptor,TIE1
1090,1090,Receptor,ROR1
1091,1091,Receptor,ROS1
1092,1092,Receptor,LCK
1093,1093,Receptor,RXRA
1094,1094,Receptor,NR5A2
1095,1095,Receptor,RXRB
1096,1096,Receptor,ESR2
1097,1097,Receptor,NR1I2
1098,1098,Receptor,THRA
1099,1099,Receptor,THRB
1100,1100,Receptor,RARA
1101,1101,Receptor,RARB
1102,1102,Receptor,PPARA
1103,1103,Receptor,NR1H2
1104,1104,Receptor,NR1H3
1105,1105,Receptor,ESRRB
1106,1106,Receptor,ESRRG
1107,1107,Receptor,ESRRA
1108,1108,Receptor,NLK
1109,1109,Receptor,ACKR3
1110,1110,Receptor,ACKR4
1111,1111,Receptor,CALCRL
1112,1112,Receptor,RAMP2
1113,1113,Receptor,RAMP3
1114,1114,Receptor,CALCR
1115,1115,Receptor,RAMP1
1116,1116,Receptor,APLNR
1117,1117,Receptor,AGTR1
1118,1118,Receptor,AGTR2
1119,1119,Receptor,NMBR
1120,1120,Receptor,GRPR
1121,1121,Receptor,BDKRB1
1122,1122,Receptor,CCKBR
1123,1123,Receptor,CCR1
1124,1124,Receptor,CCR10
1125,1125,Receptor,CCR2
1126,1126,Receptor,CCR3
1127,1127,Receptor,CCR4
1128,1128,Receptor,CCR6
1129,1129,Receptor,CCR7
1130,1130,Receptor,CCR8
1131,1131,Receptor,CCRL2
1132,1132,Receptor,CMKLR1
1133,1133,Receptor,CMKLR2
1134,1134,Receptor,CRHR1
1135,1135,Receptor,CRHR2
1136,1136,Receptor,CXCR1
1137,1137,Receptor,CXCR2
1138,1138,Receptor,CXCR4
1139,1139,Receptor,CXCR5
1140,1140,Receptor,CX3CR1
1141,1141,Receptor,OPRD1
1142,1142,Receptor,EDAR
1143,1143,Receptor,EDA2R
1144,1144,Receptor,EDNRA
1145,1145,Receptor,EDNRB
1146,1146,Receptor,FGFR4
1147,1147,Receptor,FPR3
1148,1148,Receptor,GALR1
1149,1149,Receptor,GALR2
1150,1150,Receptor,GALR3
1151,1151,Receptor,GFRAL
1152,1152,Receptor,GHSR
1153,1153,Receptor,GIPR
1154,1154,Receptor,GLP1R
1155,1155,Receptor,GLP2R
1156,1156,Receptor,GCGR
1157,1157,Receptor,NPR1
1158,1158,Receptor,NPR2
1159,1159,Receptor,HRH4
1160,1160,Receptor,GPR75
1161,1161,Receptor,LGR4
1162,1162,Receptor,LGR5
1163,1163,Receptor,LGR6
1164,1164,Receptor,MRGPRX1
1165,1165,Receptor,MRGPRX2
1166,1166,Receptor,ITGA9
1167,1167,Receptor,OPRK1
1168,1168,Receptor,KISS1R
1169,1169,Receptor,LHCGR
1170,1170,Receptor,MCHR1
1171,1171,Receptor,MCHR2
1172,1172,Receptor,MC1R
1173,1173,Receptor,MC3R
1174,1174,Receptor,MC4R
1175,1175,Receptor,MC5R
1176,1176,Receptor,MLNR
1177,1177,Receptor,OPRM1
1178,1178,Receptor,NPR3
1179,1179,Receptor,TACR1
1180,1180,Receptor,TACR2
1181,1181,Receptor,TACR3
1182,1182,Receptor,NMUR1
1183,1183,Receptor,NMUR2
1184,1184,Receptor,OPRL1
1185,1185,Receptor,NPBWR1
1186,1186,Receptor,NPBWR2
1187,1187,Receptor,NPFFR1
1188,1188,Receptor,NPFFR2
1189,1189,Receptor,NPSR1
1190,1190,Receptor,NTSR1
1191,1191,Receptor,NTSR2
1192,1192,Receptor,OXTR
1193,1193,Receptor,HCRTR1
1194,1194,Receptor,HCRTR2
1195,1195,Receptor,ADCYAP1R1
1196,1196,Receptor,PROKR1
1197,1197,Receptor,PROKR2
1198,1198,Receptor,PRLHR
1199,1199,Receptor,PTH1R
1200,1200,Receptor,PTH2R
1201,1201,Receptor,QRFPR
1202,1202,Receptor,RXFP1
1203,1203,Receptor,RXFP2
1204,1204,Receptor,RXFP3
1205,1205,Receptor,RXFP4
1206,1206,Receptor,SCTR
1207,1207,Receptor,SSTR1
1208,1208,Receptor,SSTR2
1209,1209,Receptor,SSTR3
1210,1210,Receptor,SSTR4
1211,1211,Receptor,SSTR5
1212,1212,Receptor,TYRO3
1213,1213,Receptor,UTS2R
1214,1214,Receptor,VIPR1
1215,1215,Receptor,VIPR2
1216,1216,Receptor,AVPR1A
1217,1217,Receptor,AVPR1B
1218,1218,Receptor,AVPR2
1219,1219,Receptor,XCR1
1220,1220,Receptor,NPY2R
1221,1221,Receptor,NPY4R
1222,1222,Receptor,NPY5R
1223,1223,Receptor,GRIN2A
1224,1224,Receptor,EZR
1225,1225,Receptor,PIK3CA
1226,1226,Receptor,F2RL1
1227,1227,Receptor,TUBA1A
1228,1228,Receptor,GRIA1
1229,1229,Receptor,PLCG1
1230,1230,Receptor,ULK1
1231,1231,Receptor,ULK2
1232,1232,Receptor,HMOX1
1233,1233,Receptor,PSMB8
1234,1234,Receptor,PSMB9
1235,1235,Receptor,PDIA3
1236,1236,Receptor,TAP2
1237,1237,Receptor,LGMN
1238,1238,Receptor,CTSF
1239,1239,Receptor,CTSS
1240,1240,Receptor,CTSL
1241,1241,Receptor,CTSV
1242,1242,Receptor,CASP8
1243,1243,Receptor,EPHB6
1244,1244,Receptor,NECTIN1
1245,1245,Receptor,NECTIN2
1246,1246,Receptor,NRP2
1247,1247,Receptor,COMPLEX:ITGA6_ITGB1
1248,1248,Receptor,COMPLEX:ITGAX_ITGB2
1249,1249,Receptor,GFRA3
1250,1250,Receptor,COMPLEX:ITGA8_ITGB1
1251,1251,Receptor,CSF1R
1252,1252,Receptor,COMPLEX:ITGA2B_ITGB3
1253,1253,Receptor,COMPLEX:ITGA6_ITGB4
1254,1254,Receptor,COMPLEX:ITGAV_ITGB3
1255,1255,Receptor,COMPLEX:ITGAV_ITGB5
1256,1256,Receptor,COMPLEX:ITGAV_ITGB6
1257,1257,Receptor,PLCE1
1258,1258,Receptor,CD74
1259,1259,Receptor,CD38
1260,1260,Receptor,COMPLEX:ITGAV_ITGB8
1261,1261,Receptor,COMPLEX:GP1BA_GP1BB_GP5_GP9
1262,1262,Receptor,COMPLEX:ITGA4_ITGB7
1263,1263,Receptor,NRXN1
1264,1264,Receptor,TSHR
1265,1265,Receptor,MAP2K5
1266,1266,Receptor,GRIN2B
1267,1267,Receptor,SCN3A
1268,1268,Receptor,SLAMF1
1269,1269,Receptor,PTPRS
1270,1270,Receptor,COMPLEX:IL17RA_IL17RC
1271,1271,Receptor,TNFRSF13B
1272,1272,Receptor,FCGR2A
1273,1273,Receptor,PIK3CG
1274,1274,Receptor,STK4
1275,1275,Receptor,ACVR2A
1276,1276,Receptor,LDLR
1277,1277,Receptor,DIP2A
1278,1278,Receptor,CD79B
1279,1279,Receptor,AGER
1280,1280,Receptor,COMPLEX:ITGA1_ITGB1
1281,1281,Receptor,CCR9
1282,1282,Receptor,NCR2
1283,1283,Receptor,CD226
1284,1284,Receptor,MUSK
1285,1285,Receptor,PLXNA2
1286,1286,Receptor,IL17RB
1287,1287,Receptor,LRRC4
1288,1288,Receptor,COMPLEX:ITGA7_ITGB1
1289,1289,Receptor,SCN9A
1290,1290,Receptor,IL12RB2
1291,1291,Receptor,COMPLEX:ITGAE_ITGB7
1292,1292,Receptor,ACVR1C
1293,1293,Receptor,TNFRSF6B
1294,1294,Receptor,TNFSF15
1295,1295,Receptor,COMPLEX:PIK3CA_PIK3R1
1296,1296,Receptor,KDR
1297,1297,Receptor,ROBO4
1298,1298,Receptor,AGT
1299,1299,Receptor,COMPLEX:BMPR1A_BMPR1B_BMPR2
1300,1300,Receptor,PLAT
1301,1301,Receptor,COMPLEX:ITGA2_ITGB1
1302,1302,Receptor,SCN2A
1303,1303,Receptor,NEO1
1304,1304,Receptor,HMGB1
1305,1305,Receptor,RPS6KA3
1306,1306,Receptor,PLXNC1
1307,1307,Receptor,PRKACA
1308,1308,Receptor,SCN1A
1309,1309,Receptor,MAP3K5
1310,1310,Receptor,BMPR1B
1311,1311,Receptor,TLR4
1312,1312,Receptor,TNFRSF21
1313,1313,Receptor,SCN11A
1314,1314,Receptor,DSCAM
1315,1315,Receptor,NRXN2
1316,1316,Receptor,COMPLEX:ITGA10_ITGB1
1317,1317,Receptor,KRAS
1318,1318,Receptor,ADIPOR1
1319,1319,Receptor,VLDLR
1320,1320,Receptor,F2R
1321,1321,Receptor,TNFRSF14
1322,1322,Receptor,PTPRF
1323,1323,Receptor,CD300LB
1324,1324,Receptor,NRP1
1325,1325,Receptor,TNFRSF11B
1326,1326,Receptor,C3
1327,1327,Receptor,GPC1
1328,1328,Receptor,COMPLEX:IFNAR1_IFNAR2
1329,1329,Receptor,DCC
1330,1330,Receptor,CNTFR
1331,1331,Receptor,PLXNA4
1332,1332,Receptor,GNAI3
1333,1333,Receptor,COMPLEX:ITGAM_ITGB2
1334,1334,Receptor,CHRNA1
1335,1335,Receptor,ITGB4
1336,1336,Receptor,COMPLEX:ITGA9_ITGB1
1337,1337,Receptor,ROBO2
1338,1338,Receptor,ITGB5
1339,1339,Receptor,PIP4K2A
1340,1340,Receptor,COMPLEX:ITGA4_ITGB1
1341,1341,Receptor,GNAI1
1342,1342,Receptor,KLRK1
1343,1343,Receptor,PLXNA1
1344,1344,Receptor,COMPLEX:CREBBP_EP300
1345,1345,Receptor,COMPLEX:CSF2RA_CSF2RB
1346,1346,Receptor,ADIPOR2
1347,1347,Receptor,LILRB1
1348,1348,Receptor,PLXNB3
1349,1349,Receptor,LYN
1350,1350,Receptor,PTPRD
1351,1351,Receptor,GNAS
1352,1352,Receptor,ITGB3
1353,1353,Receptor,KIR2DL4
1354,1354,Receptor,FZD10
1355,1355,Receptor,CD5
1356,1356,Receptor,TNFRSF11A
1357,1357,Receptor,CCKAR
1358,1358,Receptor,ITGB2
1359,1359,Receptor,COMPLEX:ACVR1_BMPR2
1360,1360,Receptor,GFRA1
1361,1361,Receptor,IKBKB
1362,1362,Receptor,LAT
1363,1363,Receptor,MC2R
1364,1364,Receptor,IL18R1
1365,1365,Receptor,GUCY2C
1366,1366,Receptor,ITGAL
1367,1367,Receptor,FCGR2C
1368,1368,Receptor,COMPLEX:IFNGR1_IFNGR2
1369,1369,Receptor,COMPLEX:ITGAV_ITGB2
1370,1370,Receptor,NRAS
1371,1371,Receptor,UNC5C
1372,1372,Receptor,CD55
1373,1373,Receptor,PLCG2
1374,1374,Receptor,UNC5A
1375,1375,Receptor,PRKCQ
1376,1376,Receptor,GFRA2
1377,1377,Receptor,IL1RAP
1378,1378,Receptor,TPO
1379,1379,Receptor,FLT4
1380,1380,Receptor,TNFRSF4
1381,1381,Receptor,NRXN3
1382,1382,Receptor,COMPLEX:ITGA3_ITGB1
1383,1383,Receptor,COMPLEX:ITGAD_ITGB2
1384,1384,Receptor,TRHR
1385,1385,Receptor,SMO
1386,1386,Receptor,IL17RA
1387,1387,Receptor,TNFRSF25
1388,1388,Receptor,ROBO3
1389,1389,Receptor,GFRA4
1390,1390,Receptor,ITGB7
1391,1391,Receptor,MAPK14
1392,1392,Receptor,PHB1
1393,1393,Receptor,KLRC1
1394,1394,Receptor,FPR1
1395,1395,Receptor,F8
1396,1396,Receptor,TNFRSF13C
1397,1397,Receptor,REN
1398,1398,Receptor,TDGF1
1399,1399,Receptor,COMPLEX:ITGAL_ITGB2
1400,1400,Receptor,ITGAX
1401,1401,Receptor,NPY1R
1402,1402,Receptor,CD47
1403,1403,Receptor,PDCD1
1404,1404,Receptor,TNFRSF17
1405,1405,Receptor,CDK5
1406,1406,Receptor,MPZL1
1407,1407,Receptor,ITGAM
1408,1408,Receptor,VCAM1
1409,1409,Receptor,COMPLEX:ITGA5_ITGB1
1410,1410,Receptor,F10
1411,1411,Receptor,COMPLEX:ITGA11_ITGB1
1412,1412,Receptor,CSK
1413,1413,Receptor,CAPN1
1414,1414,Receptor,LRP1
1415,1415,Receptor,THY1
1416,1416,Receptor,ITGAV
1417,1417,Receptor,ITGA3
1418,1418,Receptor,COMPLEX:ACVR1_AMHR2
1419,1419,Receptor,COMPLEX:AMHR2_BMPR1A
1420,1420,Receptor,PLXNB2
1421,1421,Receptor,ENO1
1422,1422,Receptor,LSR
1423,1423,Receptor,SCARB1
1424,1424,Receptor,COMPLEX:GFRA1_RET
1425,1425,Receptor,COMPLEX:GFRA3_RET
1426,1426,Receptor,COMPLEX:ACVR2A_ACVRL1
1427,1427,Receptor,COMPLEX:ACVR2B_ACVRL1
1428,1428,Receptor,COMPLEX:ACVRL1_BMPR2
1429,1429,Receptor,COMPLEX:BMPR1B_BMPR2
1430,1430,Receptor,COMPLEX:ACVR2A_BMPR1A
1431,1431,Receptor,COMPLEX:ACVR2B_BMPR1A
1432,1432,Receptor,COMPLEX:BMPR1A_BMPR2
1433,1433,Receptor,COMPLEX:ACVR2A_BMPR1B
1434,1434,Receptor,COMPLEX:ACVR2B_BMPR1B
1435,1435,Receptor,COMPLEX:ACVR1_ACVR2A
1436,1436,Receptor,COMPLEX:ACVR1_ACVR2B
1437,1437,Receptor,COMPLEX:ERBB2_ERBB3
1438,1438,Receptor,COMPLEX:CALCRL_RAMP1
1439,1439,Receptor,COMPLEX:CALCRL_RAMP2
1440,1440,Receptor,COMPLEX:CALCRL_RAMP3
1441,1441,Receptor,ACKR1
1442,1442,Receptor,ACKR2
1443,1443,Receptor,PITPNM3
1444,1444,Receptor,SDC1
1445,1445,Receptor,CD209
1446,1446,Receptor,CD80
1447,1447,Receptor,CD2
1448,1448,Receptor,CD244
1449,1449,Receptor,COMPLEX:CNTFR_IL6ST
1450,1450,Receptor,LAG3
1451,1451,Receptor,COMPLEX:IL6ST_LIFR
1452,1452,Receptor,SDC2
1453,1453,Receptor,DSG3
1454,1454,Receptor,DSG4
1455,1455,Receptor,COMPLEX:ERBB2_ERBB4
1456,1456,Receptor,COMPLEX:CSF2RB_EPOR
1457,1457,Receptor,COMPLEX:ACVR1B_ACVR2A
1458,1458,Receptor,COMPLEX:ACVR1B_ACVR2B
1459,1459,Receptor,COMPLEX:ACVR1C_ACVR2A
1460,1460,Receptor,COMPLEX:ACVR1C_ACVR2B
1461,1461,Receptor,COMPLEX:ACVR2A_TGFBR1
1462,1462,Receptor,COMPLEX:ACVR2B_TGFBR1
1463,1463,Receptor,COMPLEX:BMPR2_TGFBR1
1464,1464,Receptor,COMPLEX:GFRA2_RET
1465,1465,Receptor,BRS3
1466,1466,Receptor,TMIGD2
1467,1467,Receptor,KIR3DL3
1468,1468,Receptor,KIR3DL2
1469,1469,Receptor,KIR3DL1
1470,1470,Receptor,KIR2DL1
1471,1471,Receptor,KIR2DL2
1472,1472,Receptor,KIR2DL3
1473,1473,Receptor,COMPLEX:KLRC1_KLRD1
1474,1474,Receptor,LILRB2
1475,1475,Receptor,SPN
1476,1476,Receptor,COMPLEX:IFNLR1_IL10RB
1477,1477,Receptor,FCGR3B
1478,1478,Receptor,COMPLEX:IL10RA_IL10RB
1479,1479,Receptor,COMPLEX:IL11RA_IL6ST
1480,1480,Receptor,COMPLEX:IL12RB1_IL12RB2
1481,1481,Receptor,COMPLEX:IL12RB2_IL6ST
1482,1482,Receptor,COMPLEX:IL13RA1_IL4R
1483,1483,Receptor,COMPLEX:IL15RA_IL2RB_IL2RG
1484,1484,Receptor,CD4
1485,1485,Receptor,COMPLEX:IL17RA_IL17RE
1486,1486,Receptor,COMPLEX:IL18R1_IL18RAP
1487,1487,Receptor,COMPLEX:IL20RA_IL20RB
1488,1488,Receptor,COMPLEX:IL1R1_IL1RAP
1489,1489,Receptor,COMPLEX:IL1R2_IL1RAP
1490,1490,Receptor,IL1RAPL1
1491,1491,Receptor,IL1RAPL2
1492,1492,Receptor,IL1RL2
1493,1493,Receptor,SIGIRR
1494,1494,Receptor,COMPLEX:IL2RA_IL2RB_IL2RG
1495,1495,Receptor,COMPLEX:IL20RB_IL22RA1
1496,1496,Receptor,COMPLEX:IL21R_IL2RG
1497,1497,Receptor,COMPLEX:IL12RB1_IL23R
1498,1498,Receptor,COMPLEX:IL10RB_IL20RA
1499,1499,Receptor,COMPLEX:IL27RA_IL6ST
1500,1500,Receptor,COMPLEX:IL12RB2_IL27RA
1501,1501,Receptor,COMPLEX:CSF2RB_IL3RA
1502,1502,Receptor,COMPLEX:IL31RA_OSMR
1503,1503,Receptor,COMPLEX:IL1RAP_IL1RL1
1504,1504,Receptor,COMPLEX:IL1RAP_IL1RL2
1505,1505,Receptor,COMPLEX:IL18R1_SIGIRR
1506,1506,Receptor,COMPLEX:IL2RG_IL4R
1507,1507,Receptor,COMPLEX:CSF2RB_IL5RA
1508,1508,Receptor,COMPLEX:IL6R_IL6ST
1509,1509,Receptor,COMPLEX:IL2RG_IL7R
1510,1510,Receptor,COMPLEX:IL2RG_IL9R
1511,1511,Receptor,CXADR
1512,1512,Receptor,CD69
1513,1513,Receptor,NCR3
1514,1514,Receptor,CD96
1515,1515,Receptor,TIGIT
1516,1516,Receptor,PVRIG
1517,1517,Receptor,COMPLEX:IL6ST_OSMR
1518,1518,Receptor,COMPLEX:FLT1_KDR
1519,1519,Receptor,COMPLEX:GFRA4_RET
1520,1520,Receptor,COMPLEX:LGR4_LRP5
1521,1521,Receptor,COMPLEX:LGR4_LRP6
1522,1522,Receptor,COMPLEX:LGR5_LRP5
1523,1523,Receptor,COMPLEX:LGR5_LRP6
1524,1524,Receptor,CD36
1525,1525,Receptor,PTPRJ
1526,1526,Receptor,COMPLEX:NRP1_PLXNA1
1527,1527,Receptor,COMPLEX:NRP1_PLXNA2
1528,1528,Receptor,COMPLEX:NRP1_PLXNA3
1529,1529,Receptor,COMPLEX:NRP1_PLXNA4
1530,1530,Receptor,DCBLD2
1531,1531,Receptor,SEMA4D
1532,1532,Receptor,COMPLEX:MET_PLXNB3
1533,1533,Receptor,SIGLEC9
1534,1534,Receptor,MUC1
1535,1535,Receptor,ROBO1
1536,1536,Receptor,LRP4
1537,1537,Receptor,CD44
1538,1538,Receptor,COMPLEX:ITGAV_ITGB1
1539,1539,Receptor,SCD5
1540,1540,Receptor,COMPLEX:TGFBR1_TGFBR2
1541,1541,Receptor,TNFRSF12A
1542,1542,Receptor,TNFRSF18
1543,1543,Receptor,TNFRSF8
1544,1544,Receptor,COMPLEX:CRLF2_IL7R
1545,1545,Receptor,STX1A
1546,1546,Receptor,STX3
1547,1547,Receptor,STX4
1548,1548,Receptor,COMPLEX:FZD1_LRP5
1549,1549,Receptor,COMPLEX:FZD1_LRP6
1550,1550,Receptor,COMPLEX:FZD10_LRP5
1551,1551,Receptor,COMPLEX:FZD10_LRP6
1552,1552,Receptor,COMPLEX:FZD2_LRP5
1553,1553,Receptor,COMPLEX:FZD2_LRP6
1554,1554,Receptor,COMPLEX:FZD3_LRP5
1555,1555,Receptor,COMPLEX:FZD3_LRP6
1556,1556,Receptor,COMPLEX:FZD5_LRP5
1557,1557,Receptor,COMPLEX:FZD5_LRP6
1558,1558,Receptor,COMPLEX:FZD6_LRP5
1559,1559,Receptor,COMPLEX:FZD6_LRP6
1560,1560,Receptor,COMPLEX:FZD7_LRP5
1561,1561,Receptor,COMPLEX:FZD7_LRP6
1562,1562,Receptor,COMPLEX:FZD8_LRP5
1563,1563,Receptor,COMPLEX:FZD8_LRP6
1564,1564,Receptor,COMPLEX:FZD9_LRP5
1565,1565,Receptor,COMPLEX:FZD9_LRP6
1566,1566,Receptor,PLXNA3
1567,1567,Receptor,CLEC4M
1568,1568,Receptor,ITGAD
1569,1569,Receptor,CEACAM1
1570,1570,Receptor,UNC5D
1571,1571,Receptor,UNC5B
1572,1572,Receptor,ADORA2B
1573,1573,Receptor,GPR20
1574,1574,Receptor,ADRB2
1575,1575,Receptor,ADRB3
1576,1576,Receptor,GPR84
1577,1577,Receptor,EPHA10
1578,1578,Receptor,PTPRC
1579,1579,Receptor,GPR171
1580,1580,Receptor,DPP4
1581,1581,Receptor,ASGR1
1582,1582,Receptor,GPR25
1583,1583,Receptor,CEACAM5
1584,1584,Receptor,ITGA7
1585,1585,Receptor,ITGA6
1586,1586,Receptor,ITGA1
1587,1587,Receptor,ITGA2
1588,1588,Receptor,RHBDL2
1589,1589,Receptor,ITGA5
1590,1590,Receptor,ITGA8
1591,1591,Receptor,PLAUR
1592,1592,Receptor,ITGA2B
1593,1593,Receptor,PVR
1594,1594,Receptor,ADRA2A
1595,1595,Receptor,GRM7
1596,1596,Receptor,MTNR1A
1597,1597,Receptor,CD53
1598,1598,Receptor,TLR2
1599,1599,Receptor,KLRF1
1600,1600,Receptor,OLR1
1601,1601,Receptor,TLR6
1602,1602,Receptor,LRP8
1603,1603,Receptor,RYR2
1604,1604,Receptor,BAMBI
1605,1605,Receptor,PLD2
1606,1606,Receptor,IL17RE
1607,1607,Receptor,PECAM1
1608,1608,Receptor,GRM5
1609,1609,Receptor,GRM1
1610,1610,Receptor,HJV
1611,1611,Receptor,SDC3
1612,1612,Receptor,CHRNA7
1613,1613,Receptor,MCFD2
1614,1614,Receptor,CHRNA4
1615,1615,Receptor,TREM2
1616,1616,Receptor,LILRA4
1617,1617,Receptor,BCAM
1618,1618,Receptor,CD46
1619,1619,Receptor,ITGA4
1620,1620,Receptor,SCARA5
1621,1621,Receptor,STAB2
1622,1622,Receptor,SELP
1623,1623,Receptor,GP1BA
1624,1624,Receptor,CDH7
1625,1625,Receptor,PTPRG
1626,1626,Receptor,GPC4
1627,1627,Receptor,FGFRL1
1628,1628,Receptor,PTK7
1629,1629,Receptor,VANGL2
1630,1630,Receptor,PTPRK
1631,1631,Receptor,ANTXR1
1632,1632,Receptor,TLR1
1633,1633,Receptor,PTPRB
1634,1634,Receptor,FSHR
1635,1635,Receptor,PLXND1
1636,1636,Receptor,NPTXR
1637,1637,Receptor,GPR151
1638,1638,Receptor,FLRT3
1639,1639,Receptor,CDON
1640,1640,Receptor,CR2
1641,1641,Receptor,ATP6AP2
1642,1642,Receptor,APCDD1
1643,1643,Receptor,RECK
1644,1644,Receptor,CCBE1
1645,1645,Receptor,AQP5
1646,1646,Receptor,MUC6
1647,1647,Receptor,MUC5AC
1648,1648,Receptor,TRPM3
1649,1649,Receptor,RYR1
1650,1650,Receptor,MARCO
1651,1651,Receptor,THBD
1652,1652,Receptor,SCUBE2
1653,1653,Receptor,GPC5
1654,1654,Receptor,PLD1
1655,1655,Receptor,SMAP1
1656,1656,Receptor,GPIHBP1
1657,1657,Receptor,KCNJ10
1658,1658,Receptor,TMEM219
1659,1659,Receptor,CRLF1
1660,1660,Receptor,RACK1
1661,1661,Receptor,LPAR3
1662,1662,Receptor,LPAR1
1663,1663,Receptor,LPAR4
1664,1664,Receptor,LPAR2
1665,1665,Receptor,KLRG2
1666,1666,Receptor,IZUMO1R
1667,1667,Receptor,CNTNAP2
1668,1668,Receptor,CNTN1
1669,1669,Receptor,NRCAM
1670,1670,Receptor,PTGER3
1671,1671,Receptor,TBXA2R
1672,1672,Receptor,TMED5
1673,1673,Receptor,PTPRZ1
1674,1674,Receptor,RHAG
1675,1675,Receptor,CD163
1676,1676,Receptor,ADGRV1
1677,1677,Receptor,SORCS2
1678,1678,Receptor,TRPV1
1679,1679,Receptor,MAGED1
1680,1680,Receptor,CD3G
1681,1681,Receptor,TFR2
1682,1682,Receptor,GPR42
1683,1683,Receptor,CD300LF
1684,1684,Receptor,FFAR2
1685,1685,Receptor,MFRP
1686,1686,Receptor,DRD4
1687,1687,Receptor,PILRA
1688,1688,Receptor,PROCR
1689,1689,Receptor,GLRA2
1690,1690,Receptor,PLGRKT
1691,1691,Receptor,IL1RL1
1692,1692,Receptor,SELL
1693,1693,Receptor,CD93
1694,1694,Receptor,IGFLR1
1695,1695,Receptor,CD68
1696,1696,Receptor,LILRA1
1697,1697,Receptor,LYVE1
1698,1698,Receptor,KLB
1699,1699,Receptor,CD33
1700,1700,Receptor,SCARF1
1701,1701,Receptor,A1BG
1702,1702,Receptor,APLP2
1703,1703,Receptor,CD81
1704,1704,Receptor,MCAM
1705,1705,Receptor,IL18RAP
1706,1706,Receptor,LMBR1L
1707,1707,Receptor,CELSR2
1708,1708,Receptor,FCRL4
1709,1709,Receptor,LRRC4C
1710,1710,Receptor,OGFR
1711,1711,Receptor,NPTN
1712,1712,Receptor,PTGIR
1713,1713,Receptor,GPC2
1714,1714,Receptor,IL17RC
1715,1715,Receptor,GPR182
1716,1716,Receptor,CD3D
1717,1717,Receptor,PTGER4
1718,1718,Receptor,S1PR1
1719,1719,Receptor,CD6
1720,1720,Receptor,MRC2
1721,1721,Receptor,CD200R1
1722,1722,Receptor,CD200
1723,1723,Receptor,GHRHR
1724,1724,Receptor,GPR39
1725,1725,Receptor,OR1G1
1726,1726,Receptor,LAMP1
1727,1727,Receptor,F3
1728,1728,Receptor,MS4A4A
1729,1729,Receptor,ADGRL1
1730,1730,Receptor,RPSA
1731,1731,Receptor,ASGR2
1732,1732,Receptor,CLEC12A
1733,1733,Receptor,PIGR
1734,1734,Receptor,TFRC
1735,1735,Receptor,CR1
1736,1736,Receptor,NECTIN4
1737,1737,Receptor,TECTB
1738,1738,Receptor,ADGRL4
1739,1739,Receptor,TSPAN1
1740,1740,Receptor,CNR2
1741,1741,Receptor,SLC4A11
1742,1742,Receptor,KLRD1
1743,1743,Receptor,TECTA
1744,1744,Receptor,VSIR
1745,1745,Receptor,HRH1
1746,1746,Receptor,GPR35
1747,1747,Receptor,COMPLEX:ACVR1B_TGFBR2
1748,1748,Receptor,COMPLEX:ACVR1C_TGFBR2
1749,1749,Receptor,COMPLEX:ACVR1_TGFBR1_TGFBR2
1750,1750,Receptor,COMPLEX:ACVR1B_ACVR2A_CFC1
1751,1751,Receptor,COMPLEX:ACVR1C_ACVR2A_CFC1
1752,1752,Receptor,COMPLEX:ACVR1B_ACVR2B_CFC1
1753,1753,Receptor,COMPLEX:ACVR1C_ACVR2B_CFC1
1754,1754,Receptor,COMPLEX:FLT4_KDR
1755,1755,Receptor,COMPLEX:PTCH1_SMO
1756,1756,Receptor,COMPLEX:PTCH2_SMO
1757,1757,Receptor,COMPLEX:CD74_CXCR4
1758,1758,Receptor,COMPLEX:CD44_CD74
1759,1759,Receptor,COMPLEX:CD74_CXCR2
1760,1760,Receptor,CAP1
1761,1761,Receptor,LILRB3
1762,1762,Receptor,CDH5
1763,1763,Receptor,CDH11
1764,1764,Receptor,NCL
1765,1765,Receptor,COMPLEX:NRP2_PLXNA1
1766,1766,Receptor,COMPLEX:NRP2_PLXNA2
1767,1767,Receptor,COMPLEX:NRP2_PLXNA3
1768,1768,Receptor,COMPLEX:NRP2_PLXNA4
1769,1769,Receptor,COMPLEX:NRP1_NRP2_PLXND1
1770,1770,Receptor,GPR19
1771,1771,Receptor,COMPLEX:FPR2_FPR3
1772,1772,Receptor,CD8A
1773,1773,Receptor,KLRB1
1774,1774,Receptor,KIR2DS1
1775,1775,Receptor,KIR2DS4
1776,1776,Receptor,KLRC2
1777,1777,Receptor,KIR3DS1
1778,1778,Receptor,COMPLEX:KLRC2_KLRD1
1779,1779,Receptor,COMPLEX:KLRC3_KLRD1
1780,1780,Receptor,COMPLEX:HCST_KLRK1
1781,1781,Receptor,COMPLEX:KDR_PLXNA1
1782,1782,Receptor,COMPLEX:PLXNA1_TREM2_TYROBP
1783,1783,Receptor,MAS1
1784,1784,Receptor,CHL1
1785,1785,Receptor,LTK
1786,1786,Receptor,CD63
1787,1787,Receptor,LAMP2
1788,1788,Receptor,RGMB
1789,1789,Receptor,CFC1
1790,1790,Receptor,CD200R1L
1791,1791,Receptor,SIGLEC10
1792,1792,Receptor,PILRB
1793,1793,Receptor,NCR1
1794,1794,Receptor,TREM1
1795,1795,Receptor,ITGA10
1796,1796,Receptor,ITGA11
1797,1797,Receptor,KLRF2
1798,1798,Receptor,CRLF3
1799,1799,Receptor,CSPG4
1800,1800,Receptor,CKAP4
1801,1801,Receptor,LILRA3
1802,1802,Receptor,GRIN2D
1803,1803,Receptor,CFC1B
1804,1804,Receptor,GPR135
1805,1805,Receptor,DAG1
1806,1806,Receptor,ADAM23
1807,1807,Receptor,RTN4R
1808,1808,Receptor,FLOT1
1809,1809,Receptor,CD248
1810,1810,Receptor,CLEC14A
1811,1811,Receptor,P2RY14
1812,1812,Receptor,RNF43
1813,1813,Receptor,CD7
1814,1814,Receptor,PLXDC2
1815,1815,Receptor,LAIR1
1816,1816,Receptor,APP
1817,1817,Receptor,CD320
1818,1818,Receptor,VASN
1819,1819,Receptor,ATP5F1B
1820,1820,Receptor,COMPLEX:IL13RA2_IL4R
1821,1821,Receptor,GP6
1822,1822,Receptor,FCRL1
1823,1823,Receptor,ADGRA2
1824,1824,Receptor,COMPLEX:FZD4_LRP6
1825,1825,Receptor,LINGO1
1826,1826,Receptor,CLDN1
1827,1827,Receptor,ADAM21
1828,1828,Receptor,JAML
1829,1829,Receptor,GP5
1830,1830,Receptor,IGDCC4
1831,1831,Receptor,KIR2DS2
1832,1832,Receptor,FCGRT
1833,1833,Receptor,COMPLEX:EGFR_ERBB4
1834,1834,Receptor,CD37
1835,1835,Receptor,MOG
1836,1836,Receptor,THBS1
1837,1837,Receptor,LILRA5
1838,1838,Receptor,HCST
1839,1839,Receptor,CLDN6
1840,1840,Receptor,LRRN3
1841,1841,Receptor,DLK1
1842,1842,Receptor,PRTG
1843,1843,Receptor,CHRNA10
1844,1844,Receptor,SIGLEC6
1845,1845,Receptor,IGDCC3
1846,1846,Receptor,GPR83
1847,1847,Receptor,PDCD1LG2
1848,1848,Receptor,MPIG6B
1849,1849,Receptor,ADORA3
1850,1850,Receptor,COMPLEX:ACVR1_TGFBR1
1851,1851,Receptor,COMPLEX:EGFR_ERBB2
1852,1852,Receptor,COMPLEX:ACVR1B_BMPR2
1853,1853,Receptor,GREM2
1854,1854,Receptor,SLAMF9
1855,1855,Receptor,DCLK3
1856,1856,Receptor,PTPRO
1857,1857,Receptor,BTN3A2
1858,1858,Receptor,COMPLEX:LTB_LTBR
1859,1859,Receptor,ISLR2
1860,1860,Receptor,GPC6
1861,1861,Receptor,GREM1
1862,1862,Receptor,ADRB1
1863,1863,Receptor,NEGR1
1864,1864,Receptor,CHRNA9
1865,1865,Receptor,SIGLEC1
1866,1866,Receptor,SDK2
1867,1867,Receptor,COMPLEX:CNTFR_IL6ST_LIFR
1868,1868,Receptor,TRHDE
1869,1869,Receptor,HTR1B
1870,1870,Receptor,SCN2B
1871,1871,Receptor,BTNL9
1872,1872,Receptor,ILDR2
1873,1873,Receptor,CHRNB4
1874,1874,Receptor,MFAP3L
1875,1875,Receptor,NAALAD2
1876,1876,Receptor,APLP1
1877,1877,Receptor,NCAM2
1878,1878,Receptor,CLDN8
1879,1879,Receptor,GP1BB
1880,1880,Receptor,ILDR1
1881,1881,Receptor,LRRTM2
1882,1882,Receptor,CHRNA3
1883,1883,Receptor,CEACAM19
1884,1884,Receptor,TARM1
1885,1885,Receptor,COMPLEX:CNTFR_IL27RA_IL6ST
1886,1886,Receptor,MILR1
1887,1887,Receptor,GRIN2C
1888,1888,Receptor,LILRA6
1889,1889,Receptor,ADORA1
1890,1890,Receptor,ANXA2
1891,1891,Receptor,KIR2DL5A
1892,1892,Receptor,FXYD6
1893,1893,Receptor,COMPLEX:IL2RB_IL2RG
1894,1894,Receptor,HAVCR1
1895,1895,Receptor,COMPLEX:PLXNA1_TREM2
1896,1896,Receptor,PTPRT
1897,1897,Receptor,CLDN19
1898,1898,Receptor,KIR2DS5
1899,1899,Receptor,COMPLEX:NRP1_NRP2
1900,1900,Receptor,GP9
1901,1901,Receptor,FCAR
1902,1902,Receptor,COMPLEX:ITGB7_VCAM1
1903,1903,Receptor,STAB1
1904,1904,Receptor,HTR6
1905,1905,Receptor,CDH10
1906,1906,Receptor,CD19
1907,1907,Receptor,ADGRL2
1908,1908,Receptor,TREML2
1909,1909,Receptor,CHRNB2
1910,1910,Receptor,FCGR2B
1911,1911,Receptor,CLEC4A
1912,1912,Receptor,CLDN9
1913,1913,Receptor,LRP1B
1914,1914,Receptor,DCN
1915,1915,Receptor,CLDN16
1916,1916,Receptor,CLDN7
1917,1917,Receptor,ADORA2A
1918,1918,Receptor,COMPLEX:IL15RA_IL2RB
1919,1919,Receptor,BTN2A2
1920,1920,Receptor,LILRB5
1921,1921,Receptor,SIGLEC15
1922,1922,Receptor,CD14
1923,1923,Receptor,FCAMR
1924,1924,Receptor,COMPLEX:IL10RB_IL22RA1
1925,1925,Receptor,LPP
1926,1926,Receptor,COMPLEX:AMHR2_BMPR1B
1927,1927,Receptor,CD86
1928,1928,Receptor,COMPLEX:IL17RA_IL17RB
1929,1929,Receptor,IGSF5
1930,1930,Receptor,VSTM2B
1931,1931,Receptor,KIR2DS3
1932,1932,Receptor,COMPLEX:CNTN2_CNTNAP2
1933,1933,Receptor,TLR3
1934,1934,Receptor,GPR15
1935,1935,Receptor,GPR55
1936,1936,Receptor,PTGDR2
1937,1937,Receptor,COMPLEX:CALR_LRP1
1938,1938,Receptor,MRGPRX4
1939,1939,Receptor,CD3E
1940,1940,Receptor,PRKAA2
1941,1941,Receptor,BSG
1942,1942,Receptor,CILK1
1943,1943,Receptor,NOS1
1944,1944,Receptor,MAP3K4
1945,1945,Receptor,FURIN
1946,1946,Receptor,CXCL12
1947,1947,Receptor,FXYD1
1948,1948,Receptor,TNK2
1949,1949,Receptor,DYRK1A
1950,1950,Receptor,AATK
1951,1951,Receptor,CDK2
1952,1952,Receptor,CDK6
1953,1953,Receptor,FGR
1954,1954,Receptor,HCK
1955,1955,Receptor,PRKCD
1956,1956,Receptor,SLK
1957,1957,Receptor,STK38
1958,1958,Receptor,STK11
1959,1959,Receptor,PRKD2
