,source,target
0,LGALS9,PTPRC
1,LGALS9,MET
2,LGALS9,CD44
3,LGALS9,LRP1
4,LGALS9,CD47
5,LGALS9,PTPRK
6,LGALS9,COLEC12
7,LGALS9,HAVCR2
8,LGALS9,MRC2
9,DLL1,NOTCH1
10,DLL1,NOTCH2
11,DLL1,NOTCH4
12,DLL1,NOTCH3
13,PODXL,SELL
14,NRG2,ERBB2_ERBB3
15,NRG2,ERBB2_ERBB4
16,ADGRB1,RTN4R
17,ADAM10,TSPAN15
18,ADAM10,TSPAN12
19,ADAM10,MET
20,ADAM10,IL6R
21,ADAM10,CD44
22,ADAM10,EPHA3
23,ADAM10,AXL
24,ADAM10,NOTCH1
25,ADAM10,NOTCH2
26,ADAM10,NRCAM
27,ADAM10,TSPAN17
28,ADAM10,TSPAN10
29,ADAM10,TREM2
30,TNFSF11,TNFRSF11B
31,TNFSF11,LGR4
32,TNFSF11,TNFRSF11A
33,EREG,EGFR_ERBB2
34,EREG,ERBB2_ERBB4
35,EREG,ERBB3
36,ADAM12,ITGB1
37,ADAM12,ITGA9
38,TNFSF12,TNFRSF8
39,TNFSF12,CD163
40,TNFSF12,TNFRSF25
41,TNFSF12,TNFRSF12A
42,TNFSF14,TNFRSF6B
43,TNFSF14,LTBR
44,TNFSF14,TNFRSF14
45,ADAM23,ITGB3
46,ADAM23,ITGA5
47,ADAM23,ITGA4
48,ADAM11,ITGA4
49,ICOSLG,CD28
50,ICOSLG,CTLA4
51,ICOSLG,ICOS
52,SEMA7A,ITGA1_ITGB1
53,SEMA7A,PLXNC1
54,TNFSF13,TNFRSF11B
55,TNFSF13,TNFRSF13B
56,TNFSF13,TNFRSF1A
57,TNFSF13,FAS
58,TNFSF13,SDC2
59,TNFSF13,TNFRSF17
60,TNFSF13,TNFRSF14
61,NFASC,CNTN1_CNTNAP1
62,SLITRK3,PTPRD
63,SLITRK3,PTPRS
64,SLITRK5,PTPRD
65,TNFSF15,TNFRSF6B
66,TNFSF15,TNFRSF25
67,TGFA,EGFR_ERBB2
68,TGFA,ERBB3
69,TGFA,ERBB4
70,TNF,FFAR2
71,TNF,TNFRSF21
72,TNF,TNFRSF1A
73,TNF,TNFRSF1B
74,TNF,FAS
75,TNF,FLT4
76,TNF,NOTCH1
77,TNF,PTPRS
78,TNF,SEMA4C
79,TNF,VSIR
80,TNF,CELSR2
81,TNF,ICOS
82,HLA-B,CD8B2
83,HLA-B,LILRA1
84,HLA-B,CD8A
85,HLA-B,CD3D
86,HLA-B,CD3G
87,HLA-B,CD8B
88,HLA-B,KIR2DL3
89,HLA-B,KIR3DL1
90,HLA-B,KIR3DL2
91,HLA-B,KLRD1
92,HLA-B,LILRB2
93,HLA-B,LILRB1
94,HLA-DRA,CD4
95,HLA-DRA,LAG3
96,HLA-DQA2,CD4
97,HLA-DQA2,LAG3
98,HLA-DQA1,CD4
99,HLA-DQA1,LAG3
100,HLA-DRB1,CD4
101,HLA-DRB1,LAG3
102,HLA-DQB1,CD4
103,HLA-DQB1,LAG3
104,ANXA1,FPR2_FPR3
105,ANXA1,EGFR
106,ANXA1,ADRA2A
107,ANXA1,FPR1
108,ANXA1,MTNR1A
109,ANXA1,GRM7
110,THY1,ITGAV_ITGB3
111,THY1,ITGAM_ITGB2
112,THY1,ITGAX_ITGB2
113,HLA-A,CD8B2
114,HLA-A,LILRA1
115,HLA-A,CD8A
116,HLA-A,CD3D
117,HLA-A,ERBB2
118,HLA-A,CD3G
119,HLA-A,CD8B
120,HLA-A,KIR2DL1
121,HLA-A,KIR2DL3
122,HLA-A,KIR3DL1
123,HLA-A,KIR3DL2
124,HLA-A,APLP2
125,HLA-A,LILRB2
126,HLA-A,LILRB1
127,HLA-DPB1,CD4
128,HLA-DPB1,LAG3
129,APP,TNFRSF21
130,APP,LRP6
131,APP,TSPAN15
132,APP,TSPAN12
133,APP,CD74
134,APP,NGFR
135,APP,RPSA
136,APP,ADRA2A
137,APP,FPR2
138,APP,GPC1
139,APP,PTGER2
140,APP,DCC
141,APP,MTNR1A
142,APP,APLP1
143,APP,VLDLR
144,APP,NOTCH2
145,APP,APLP2
146,APP,LRP1
147,APP,GRM7
148,APP,AGER
149,APP,LRP10
150,APP,NCSTN
151,ITGB2,THY1
152,ITGB2,CD226
153,ICAM1,ITGAM_ITGB2
154,ICAM1,ITGAL_ITGB2
155,ICAM1,ITGAX_ITGB2
156,ICAM1,EGFR
157,ICAM1,IL2RA
158,ICAM1,MUC1
159,ICAM1,SPN
160,ICAM1,IL2RG
161,LCK,CD8A_CD8B
162,FCER2,ITGAV_ITGB3
163,FCER2,ITGAM_ITGB2
164,FCER2,ITGAX_ITGB2
165,FCER2,CR2
166,ITGAV,THY1
167,ANXA2,TLR2
168,ANXA2,ROBO4
169,GP1BA,ITGAM_ITGB2
170,THBS1,ITGAV_ITGB3
171,THBS1,ITGA2B_ITGB3
172,THBS1,ITGA3_ITGB1
173,THBS1,TNFRSF11B
174,THBS1,LRP5
175,THBS1,ITGA4
176,THBS1,CD36
177,THBS1,SDC1
178,THBS1,ITGA6
179,THBS1,LRP1
180,THBS1,CD47
181,THBS1,PTPRJ
182,THBS1,SCARB1
183,CD55,CR1
184,CD55,ADGRE5
185,CD55,ADGRE2
186,CD14,TLR4
187,CD14,ITGB2
188,CD14,ITGB1
189,CD14,ITGA4
190,CD14,TLR1
191,CD14,TLR9
192,CD14,TLR6
193,MELTF,TFRC
194,CD48,CD2
195,CD48,CD244
196,CSF1,SIRPA
197,CSF1,CELSR3
198,HLA-C,CD8B2
199,HLA-C,LILRA1
200,HLA-C,CD8A
201,HLA-C,CD3D
202,HLA-C,CD3G
203,HLA-C,CD8B
204,HLA-C,KIR2DL1
205,HLA-C,KIR2DL2
206,HLA-C,KIR2DL3
207,HLA-C,KIR3DL1
208,HLA-C,KIR2DS4
209,HLA-C,KIR2DS1
210,HLA-C,LILRB2
211,HLA-C,LILRA3
212,HLA-C,KIR3DL3
213,HLA-C,LILRB1
214,HLA-C,NOTCH4
215,TGFB3,ACVR1B_TGFBR2
216,TGFB3,TGFBR1_TGFBR2
217,TGFB3,ACVR1_TGFBR1_TGFBR2
218,TGFB3,ACVR1_TGFBR2
219,TGFB3,ACVR1C_TGFBR2
220,TGFB3,ITGB3
221,TGFB3,ITGB1
222,TGFB3,ITGB5
223,TGFB3,ITGB6
224,TGFB3,ACVRL1
225,TGFB3,TGFBR3
226,CD28,CD80
227,CD28,CD86
228,ACE,BDKRB2
229,ACE,AGTR2
230,CDH1,ITGA2_ITGB1
231,CDH1,ITGAE_ITGB7
232,CDH1,LRP5
233,CDH1,EGFR
234,CDH1,IGF1R
235,CDH1,PTPRF
236,CDH1,CDH2
237,CDH1,ERBB3
238,CDH1,PTPRM
239,CDH1,KLRG1
240,TDGF1,ACVR2A
241,TDGF1,GPC1
242,TDGF1,ACVR1B
243,TDGF1,ACVR2B
244,TDGF1,ACVR1C
245,NCAM1,NCAM2
246,NCAM1,FGFR1
247,NCAM1,FGFR2
248,NCAM1,PTPRZ1
249,NCAM1,GFRA1
250,NCAM1,ROBO3
251,NCAM1,ROBO1
252,ICAM2,ITGAM_ITGB2
253,ICAM2,ITGAL_ITGB2
254,CEACAM1,EGFR
255,CEACAM1,HAVCR2
256,HLA-E,CD8B2
257,HLA-E,KLRC1_KLRD1
258,HLA-E,KLRC2_KLRD1
259,HLA-E,KLRC3_KLRD1
260,HLA-E,CD8A
261,HLA-E,CD8B
262,HLA-E,KLRK1
263,HLA-E,KIR3DL1
264,HLA-DRB4,CD4
265,HLA-DRB4,LAG3
266,HLA-DOB,CD4
267,SELL,PODXL
268,SELL,MADCAM1
269,CD99,CD81
270,CD99,CD99L2
271,CD99,PILRB
272,CD99,PILRA
273,PLA2G2A,ITGB3
274,PLA2G2A,ITGB1
275,PLA2G2A,ITGAV
276,PLA2G2A,ITGA5
277,PLA2G2A,ITGA4
278,CD1D,LILRB2
279,ST6GAL1,EGFR
280,ST6GAL1,CD22
281,SPN,SIGLEC1
282,SELE,CEACAM1
283,SELE,CD44
284,SELE,GLG1
285,HLA-G,CD8B2
286,HLA-G,CD4
287,HLA-G,CD8A
288,HLA-G,CD8B
289,HLA-G,KLRC1
290,HLA-G,KIR3DL1
291,HLA-G,KLRD1
292,HLA-G,LILRB2
293,HLA-G,LILRB1
294,HLA-G,KIR2DL4
295,CD58,CD2
296,VCAM1,ITGAD_ITGB2
297,VCAM1,ITGA4_ITGB1
298,VCAM1,ITGA9_ITGB1
299,VCAM1,ITGA4_ITGB7
300,HLA-DPA1,CD4
301,HLA-DPA1,LAG3
302,CD22,PTPRC
303,EFNA1,EPHB6
304,EFNA1,EPHA1
305,EFNA1,EPHA2
306,EFNA1,EPHA3
307,EFNA1,EPHA8
308,EFNA1,EPHA5
309,EFNA1,EPHB1
310,EFNA1,EPHA4
311,EFNA1,EPHA7
312,EFNA1,EPHA10
313,EFNA1,EPHA6
314,KITLG,KIT
315,KITLG,EPOR
316,MRC1,PTPRC
317,MPZ,MPZL1
318,HLA-DMA,CD4
319,HLA-DMB,CD4
320,CD34,SELL
321,CD34,SELP
322,CD40LG,ITGA2B_ITGB3
323,CD40LG,ITGAM_ITGB2
324,CD40LG,ITGA5_ITGB1
325,CD40LG,CD40
326,HLA-F,CD8B2
327,HLA-F,CD8A
328,HLA-F,CD8B
329,HLA-F,KIR3DL1
330,HLA-F,KIR3DL2
331,HLA-F,KIR3DS1
332,HLA-F,LILRB2
333,HLA-F,LILRB1
334,CEACAM8,CEACAM1
335,L1CAM,ITGAV_ITGB3
336,L1CAM,ITGA5_ITGB1
337,L1CAM,ITGA4_ITGB7
338,L1CAM,EGFR
339,L1CAM,ERBB2
340,L1CAM,FGFR2
341,L1CAM,ERBB3
342,L1CAM,PTPRZ1
343,L1CAM,EPHB2
344,L1CAM,CNTN1
345,ICAM3,ITGAD_ITGB2
346,ICAM3,ITGAL
347,ICAM3,CLEC4M
348,CD80,CD28
349,CD80,CTLA4
350,SDC2,PTPRJ
351,BTC,EGFR_ERBB2
352,BTC,ERBB2_ERBB4
353,BTC,ERBB3
354,CEACAM6,EGFR
355,CEACAM6,CEACAM1
356,CD96,PVR
357,CD96,NECTIN1
358,CD200,CD200R1L
359,CD200,CD200R1
360,TNFSF9,PVR
361,TNFSF9,HLA-DPA1
362,TNFSF9,TNFRSF9
363,TNFSF9,IL13RA2
364,TNFSF9,ADGRG5
365,CD86,CD28
366,CD86,CTLA4
367,GDF5,ACVR2A_BMPR1B
368,GDF5,ACVR2B_BMPR1B
369,GDF5,BMPR1B_BMPR2
370,GDF5,ACVR2A_BMPR1A
371,GDF5,ACVR2B_BMPR1A
372,GDF5,BMPR1A_BMPR2
373,GDF5,ROR2
374,GDF5,ACVR1
375,BAG6,NCR3
376,FASLG,TNFRSF10B
377,FASLG,TNFRSF6B
378,FASLG,TNFRSF1A
379,FASLG,FAS
380,FLT3LG,FLT3
381,TNFSF10,TNFRSF10A
382,TNFSF10,TNFRSF11B
383,TNFSF10,TNFRSF10B
384,TNFSF10,TNFRSF10D
385,EFNA4,EPHA1
386,EFNA4,EPHA2
387,EFNA4,EPHA3
388,EFNA4,EPHA8
389,EFNA4,EPHA5
390,EFNA4,EPHA4
391,EFNA4,EPHA7
392,EFNA4,EPHA10
393,EFNA4,EPHA6
394,EFNB2,EPHB6
395,EFNB2,PECAM1
396,EFNB2,EPHA3
397,EFNB2,EPHB2
398,EFNB2,GRM5
399,EFNB2,EPHB3
400,EFNB2,EPHB4
401,EFNB2,EPHB1
402,EFNB2,EPHA4
403,EFNB2,GRM1
404,EFNB2,EPHA6
405,EFNA5,EPHB6
406,EFNA5,EPHA1
407,EFNA5,EPHA2
408,EFNA5,EPHA3
409,EFNA5,EPHA8
410,EFNA5,EPHB2
411,EFNA5,EPHA5
412,EFNA5,EPHB1
413,EFNA5,EPHA4
414,EFNA5,EPHA7
415,EFNA5,EPHA10
416,EFNA5,EPHA6
417,NRG3,ERBB2_ERBB4
418,NRG3,ERBB3
419,JAM2,ITGAV_ITGB1
420,JAM2,ITGA4_ITGB1
421,JAM2,ITGA3_ITGB1
422,NRXN1,NLGN1
423,NRXN1,NLGN2
424,NRXN1,NLGN3
425,NRXN2,NLGN1
426,NRXN2,NLGN2
427,NRXN2,NLGN3
428,B2M,TFRC
429,B2M,CD3D
430,B2M,CD1A
431,B2M,CD3G
432,B2M,CD247
433,B2M,KLRC1
434,B2M,KLRC2
435,B2M,KIR2DL1
436,B2M,KIR2DL3
437,B2M,KIR3DL1
438,B2M,KLRD1
439,B2M,LILRB2
440,B2M,LILRB1
441,CXADR,JAML
442,SIRPA,CD47
443,JAG1,CD46
444,JAG1,NOTCH1
445,JAG1,NOTCH2
446,JAG1,NOTCH4
447,JAG1,NOTCH3
448,ADAM17,ITGB1
449,ADAM17,MET
450,ADAM17,ITGA5
451,ADAM17,IL6R
452,ADAM17,MUC1
453,ADAM17,NOTCH1
454,ADAM17,ERBB4
455,ADAM17,RHBDF2
456,HLA-DRB3,CD4
457,HLA-DRB3,LAG3
458,DLK1,NOTCH1
459,DLK1,NOTCH2
460,DLK1,NOTCH4
461,DLK1,NOTCH3
462,EFNB1,EPHB6
463,EFNB1,ERBB2
464,EFNB1,EPHB2
465,EFNB1,EPHB3
466,EFNB1,EPHB4
467,EFNB1,EPHB1
468,EFNB1,EPHA4
469,EFNB1,EPHA6
470,CNTN2,NRP1
471,CNTN2,CNTN1
472,CNTN2,NRCAM
473,NRG1,ERBB2_ERBB3
474,NRG1,ERBB2_ERBB4
475,NRG1,ITGAV_ITGB3
476,NRG1,ADGRL1
477,NRG1,EGFR
478,NRG1,HLA-DPB1
479,NRG1,GPC1
480,NRG1,LSR
481,NRG1,NETO2
482,NRG1,LGR4
483,DSG1,DSC3
484,DSC2,DSG3
485,DSC2,DSG4
486,DSC1,DSG3
487,DSC1,DSG4
488,CD47,SIRPA
489,CD47,SIRPG
490,BST2,LILRA4
491,CNTN1,PTPRZ1
492,CNTN1,NOTCH1
493,CNTN1,NOTCH2
494,CNTN1,NRCAM
495,ADAM9,ITGB1
496,ADAM9,ITGAV
497,ADAM9,ITGB5
498,ADAM9,ITGA6
499,ADAM9,ITGA3
500,ADAM15,ITGB3
501,ADAM15,ITGB1
502,ADAM15,ITGAV
503,ADAM15,ITGA5
504,ADAM15,ITGA9
505,MADCAM1,ITGA4_ITGB7
506,MADCAM1,CD44
507,SEMA5A,MET
508,SEMA5A,PLXNA3
509,SEMA5A,PLXNA1
510,SEMA5A,PLXNB3
511,ALCAM,CHL1
512,ALCAM,NRP1
513,ALCAM,CD6
514,DSG2,DSC1
515,DSG2,DSC3
516,SELPLG,SIGLEC5
517,SELPLG,ITGB2
518,SELPLG,ITGAM
519,SELPLG,SELL
520,SELPLG,SELP
521,DSC3,DSG3
522,DSC3,DSG4
523,ICAM4,ITGB3
524,ICAM4,ITGB2
525,ICAM4,ITGB1
526,ICAM4,ITGAV
527,ICAM4,ITGA2B
528,ICAM4,ITGAM
529,ICAM4,ITGA4
530,ICAM4,ITGAL
531,NECTIN1,CD96
532,NECTIN1,NECTIN4
533,EFNB3,EPHB6
534,EFNB3,EPHB2
535,EFNB3,EPHB3
536,EFNB3,EPHB4
537,EFNB3,EPHB1
538,EFNB3,EPHA4
539,NTRK3,PTPRF
540,NTRK3,PTPRD
541,NTRK3,PTPRS
542,MICB,HCST_KLRK1
543,MICA,HCST_KLRK1
544,HLA-DRB5,CD4
545,HLA-DRB5,LAG3
546,TIGIT,PVR
547,TIGIT,NECTIN2
548,IGSF11,VSIR
549,COL13A1,ITGA10_ITGB1
550,COL13A1,ITGA2_ITGB1
551,COL13A1,ITGA1_ITGB1
552,COL13A1,ITGA11_ITGB1
553,RAET1L,HCST_KLRK1
554,NCR3LG1,NCR3
555,RAET1G,HCST_KLRK1
556,CSPG4,ITGA3_ITGB1
557,EPGN,EGFR
558,DLK2,NOTCH1
559,BTLA,CD79A
560,BTLA,CD247
561,BTLA,TNFRSF14
562,PDPN,CLEC1B
563,JAML,CXADR
564,CNTN4,PTPRG
565,NLGN4X,NRXN1
566,CADM3,NECTIN1
567,NLGN1,NRXN1
568,NLGN1,NRXN3
569,NLGN1,NRXN2
570,CD177,PECAM1
571,SEMA6D,PLXNA1_TREM2_TYROBP
572,SEMA6D,KDR_PLXNA1
573,NLGN2,NRXN1
574,NLGN2,NRXN3
575,NLGN2,NRXN2
576,LILRB4,LAIR1
577,RAET1E,HCST_KLRK1
578,CD200R1,CD200
579,SECTM1,CD7
580,NRG4,ERBB2_ERBB4
581,NRG4,EGFR
582,NECTIN2,CD96
583,NECTIN2,CD226
584,NECTIN2,TIGIT
585,EDA,EDA2R
586,EDA,EDAR
587,SEMA4D,PLXNB2
588,SEMA4D,PLXNB1
589,SEMA4D,ERBB2
590,SEMA4D,MET
591,SEMA4D,PLXNB3
592,HAVCR1,CD300LB
593,TIMD4,HAVCR1
594,NECTIN4,TIGIT
595,SLITRK1,PTPRD
596,SLITRK1,PTPRS
597,ADAM2,ITGB1
598,ADAM2,ITGA6
599,ADAM2,ITGB7
600,ADAM2,ITGA9
601,PDCD1LG2,PDCD1
602,JAM3,ITGAM_ITGB2
603,JAM3,ITGB1
604,ULBP3,HCST_KLRK1
605,ULBP2,HCST_KLRK1
606,ULBP1,HCST_KLRK1
607,SEMA4C,PLXNB2
608,SLITRK2,PTPRD
609,SLITRK2,PTPRS
610,SEMA6A,PLXNA2
611,SEMA6A,PLXNA4
612,ADAM7,ITGA4
613,ADAM7,ITGB7
614,SEMA4A,NRP1_PLXNA2
615,SEMA4A,NRP1_PLXNA3
616,SEMA4A,NRP1_PLXNA4
617,SEMA4A,NRP1_PLXNA1
618,SEMA4A,PLXNB2
619,SEMA4A,PLXNB1
620,SEMA4A,LILRB2
621,SEMA4A,PLXNB3
622,SEMA4A,PLXND1
623,SEMA6B,PLXNA2
624,SEMA6B,PLXNA4
625,SLITRK6,PTPRS
626,NRXN3,NLGN1
627,NRXN3,NLGN2
628,NRXN3,NLGN3
629,CD209,CEACAM1
630,SEMA4B,DCBLD2
631,NECTIN3,PVR
632,NECTIN3,NECTIN1
633,NECTIN3,TIGIT
634,NECTIN3,NECTIN2
635,DLL4,NOTCH1
636,DLL4,NOTCH2
637,DLL4,NOTCH4
638,DLL4,NOTCH3
639,PDGFC,PDGFRB
640,PDGFC,PDGFRA
641,PDGFC,FLT1
642,PDGFC,FLT4
643,PDGFC,KDR
644,LRRC4B,PTPRF
645,LRRC4B,PTPRD
646,LRRC4B,PTPRS
647,SEMA4G,PLXNB2
648,DLL3,NOTCH1
649,DLL3,NOTCH2
650,DLL3,NOTCH4
651,DLL3,NOTCH3
652,PODXL2,SELL
653,NLGN3,NRXN1
654,NLGN3,NRXN3
655,NLGN3,NRXN2
656,IL1RAPL1,PTPRF
657,IL1RAPL1,PTPRD
658,IL1RAPL1,PTPRS
659,CD274,CD80
660,CD274,PDCD1
661,CLEC1B,KLRB1
662,CLEC1B,PDPN
663,SIRPG,CD47
664,SEMA5B,PLXNA3
665,SEMA5B,PLXNA1
666,CKLF,LRP6
667,CKLF,CCR4
668,KL,FGFR1
669,CLEC2D,KLRB1
670,ADAM29,ITGA4
671,ADAM28,ITGA4
672,HHLA2,TMIGD2
673,ICAM5,ITGB2
674,ICAM5,ITGAL
675,TNFSF18,TNFRSF18
676,JAG2,NOTCH1
677,JAG2,NOTCH2
678,JAG2,NOTCH4
679,JAG2,NOTCH3
680,TNFSF13B,TNFRSF13B
681,TNFSF13B,TFRC
682,TNFSF13B,HLA-DPB1
683,TNFSF13B,CD40
684,TNFSF13B,TNFRSF17
685,TNFSF13B,TNFRSF13C
686,F11R,ITGAL_ITGB2
687,COL6A6,ITGA10_ITGB1
688,COL6A6,ITGA2_ITGB1
689,COL6A6,ITGA3_ITGB1
690,COL6A6,ITGA1_ITGB1
691,COL6A6,ITGA9_ITGB1
692,COL6A6,ITGA11_ITGB1
693,COL6A6,ITGAV_ITGB8
694,COL6A6,CD44
695,COL6A6,SDC1
696,COL6A6,GP6
697,COL6A5,ITGA10_ITGB1
698,COL6A5,ITGA2_ITGB1
699,COL6A5,ITGA3_ITGB1
700,COL6A5,ITGA1_ITGB1
701,COL6A5,ITGA9_ITGB1
702,COL6A5,ITGA11_ITGB1
703,COL6A5,ITGAV_ITGB8
704,COL6A5,CD44
705,COL6A5,SDC1
706,COL6A5,GP6
707,FRAS1_FREM1_NPNT,ITGA8_ITGB1
708,FRAS1_FREM2_NPNT,ITGA8_ITGB1
709,AGRN,MUSK
710,AGRN,LRP4
711,AGRN,ITGB1
712,AGRN,LRP2
713,AGRN,LRP1
714,AGRN,DAG1
715,LAMA5,ITGA2_ITGB1
716,LAMA5,ITGA6_ITGB1
717,LAMA5,ITGA3_ITGB1
718,LAMA5,ITGA7_ITGB1
719,LAMA5,ITGA9_ITGB1
720,LAMA5,ITGAV_ITGB8
721,LAMA5,ITGA6_ITGB4
722,LAMA5,CD44
723,LAMA5,SDC1
724,LAMA5,BCAM
725,LAMA5,DAG1
726,CHAD,ITGA2_ITGB1
727,COL1A1,ITGA10_ITGB1
728,COL1A1,ITGA2_ITGB1
729,COL1A1,ITGA3_ITGB1
730,COL1A1,ITGA1_ITGB1
731,COL1A1,ITGA9_ITGB1
732,COL1A1,ITGA11_ITGB1
733,COL1A1,ITGAV_ITGB8
734,COL1A1,ITGA5
735,COL1A1,CD44
736,COL1A1,CD36
737,COL1A1,SDC1
738,COL1A1,FLT4
739,COL1A1,DDR1
740,COL1A1,DDR2
741,COL1A1,GP6
742,COL1A1,CD93
743,COL2A1,ITGA10_ITGB1
744,COL2A1,ITGA2_ITGB1
745,COL2A1,ITGA3_ITGB1
746,COL2A1,ITGA1_ITGB1
747,COL2A1,ITGA9_ITGB1
748,COL2A1,ITGA11_ITGB1
749,COL2A1,ITGAV_ITGB8
750,COL2A1,TNFRSF10A
751,COL2A1,ITGA2B
752,COL2A1,CD44
753,COL2A1,SDC1
754,COL2A1,DDR1
755,COL2A1,GP6
756,COL4A1,ITGA10_ITGB1
757,COL4A1,ITGA2_ITGB1
758,COL4A1,ITGA3_ITGB1
759,COL4A1,ITGA1_ITGB1
760,COL4A1,ITGA9_ITGB1
761,COL4A1,ITGA11_ITGB1
762,COL4A1,ITGAV_ITGB8
763,COL4A1,CD44
764,COL4A1,SDC1
765,COL4A1,CD47
766,COL4A1,GP6
767,COL4A1,CD93
768,FN1,ITGAV_ITGB3
769,FN1,ITGA2B_ITGB3
770,FN1,ITGAV_ITGB1
771,FN1,ITGA5_ITGB1
772,FN1,ITGA4_ITGB1
773,FN1,ITGA3_ITGB1
774,FN1,ITGA8_ITGB1
775,FN1,ITGAV_ITGB6
776,FN1,ITGAV_ITGB8
777,FN1,ITGA4_ITGB7
778,FN1,TNFRSF11B
779,FN1,CD79A
780,FN1,CD44
781,FN1,TSHR
782,FN1,ITGA2
783,FN1,SDC1
784,FN1,C5AR1
785,FN1,ITGA6
786,FN1,SDC2
787,FN1,FLT4
788,FN1,PLAUR
789,FN1,ITGA9
790,FN1,IL17RC
791,FN1,ROBO4
792,VTN,ITGAV_ITGB3
793,VTN,ITGA2B_ITGB3
794,VTN,ITGAV_ITGB1
795,VTN,ITGA8_ITGB1
796,VTN,ITGAV_ITGB5
797,VTN,ITGAV_ITGB8
798,VTN,TNFRSF11B
799,VTN,ITGA5
800,VTN,PVR
801,VTN,ITGB6
802,VTN,ITGA3
803,VTN,KDR
804,VTN,PLAUR
805,VTN,CD47
806,VWF,ITGAV_ITGB3
807,VWF,ITGA2B_ITGB3
808,VWF,GP1BA_GP1BB
809,VWF,TNFRSF11B
810,VWF,SELP
811,VWF,SIRPA
812,VWF,LRP1
813,VWF,SCARA5
814,VWF,STAB2
815,LAMB1,ITGA2_ITGB1
816,LAMB1,ITGA6_ITGB1
817,LAMB1,ITGA3_ITGB1
818,LAMB1,ITGA7_ITGB1
819,LAMB1,ITGA9_ITGB1
820,LAMB1,ITGAV_ITGB8
821,LAMB1,ITGA6_ITGB4
822,LAMB1,CD44
823,LAMB1,ITGA1
824,LAMB1,DAG1
825,COL1A2,ITGA10_ITGB1
826,COL1A2,ITGA2_ITGB1
827,COL1A2,ITGA3_ITGB1
828,COL1A2,ITGA1_ITGB1
829,COL1A2,ITGA9_ITGB1
830,COL1A2,ITGA11_ITGB1
831,COL1A2,ITGAV_ITGB8
832,COL1A2,ITGB3
833,COL1A2,ITGA2B
834,COL1A2,CD44
835,COL1A2,CD36
836,COL1A2,SDC1
837,COL1A2,FLT4
838,COL1A2,GP6
839,COL1A2,CD93
840,COL4A2,ITGA10_ITGB1
841,COL4A2,ITGA2_ITGB1
842,COL4A2,ITGA3_ITGB1
843,COL4A2,ITGA1_ITGB1
844,COL4A2,ITGA9_ITGB1
845,COL4A2,ITGA11_ITGB1
846,COL4A2,ITGAV_ITGB8
847,COL4A2,ITGB3
848,COL4A2,CD44
849,COL4A2,ITGB5
850,COL4A2,SDC1
851,COL4A2,GP6
852,COL4A2,CD93
853,LAMC1,ITGA2_ITGB1
854,LAMC1,ITGA6_ITGB1
855,LAMC1,ITGA3_ITGB1
856,LAMC1,ITGA7_ITGB1
857,LAMC1,ITGA9_ITGB1
858,LAMC1,ITGAV_ITGB8
859,LAMC1,ITGA6_ITGB4
860,LAMC1,CD44
861,LAMC1,ITGA1
862,LAMC1,DAG1
863,COL6A1,ITGA10_ITGB1
864,COL6A1,ITGA2_ITGB1
865,COL6A1,ITGA3_ITGB1
866,COL6A1,ITGA1_ITGB1
867,COL6A1,ITGA9_ITGB1
868,COL6A1,ITGA11_ITGB1
869,COL6A1,ITGAV_ITGB8
870,COL6A1,CD44
871,COL6A1,SDC1
872,COL6A1,ITGA6
873,COL6A1,GP6
874,COL6A2,ITGA10_ITGB1
875,COL6A2,ITGA2_ITGB1
876,COL6A2,ITGA3_ITGB1
877,COL6A2,ITGA1_ITGB1
878,COL6A2,ITGA9_ITGB1
879,COL6A2,ITGA11_ITGB1
880,COL6A2,ITGAV_ITGB8
881,COL6A2,CD44
882,COL6A2,SDC1
883,COL6A2,GP6
884,COL6A3,ITGA10_ITGB1
885,COL6A3,ITGA2_ITGB1
886,COL6A3,ITGA3_ITGB1
887,COL6A3,ITGA1_ITGB1
888,COL6A3,ITGA9_ITGB1
889,COL6A3,ITGA11_ITGB1
890,COL6A3,ITGAV_ITGB8
891,COL6A3,CD44
892,COL6A3,SDC1
893,COL6A3,GP6
894,COL9A1,ITGA10_ITGB1
895,COL9A1,ITGA2_ITGB1
896,COL9A1,ITGA3_ITGB1
897,COL9A1,ITGA1_ITGB1
898,COL9A1,ITGA9_ITGB1
899,COL9A1,ITGA11_ITGB1
900,COL9A1,ITGAV_ITGB8
901,COL9A1,CD44
902,COL9A1,SDC1
903,COL9A1,GP6
904,IBSP,ITGAV_ITGB3
905,IBSP,ITGAV_ITGB5
906,TNXB,ITGAV_ITGB3
907,TNXB,ITGA2B_ITGB3
908,TNXB,ITGA8_ITGB1
909,TNXB,ITGA9_ITGB1
910,TNXB,ITGAV_ITGB6
911,TNXB,SDC1
912,LAMA2,ITGA2_ITGB1
913,LAMA2,ITGA6_ITGB1
914,LAMA2,ITGA3_ITGB1
915,LAMA2,ITGA7_ITGB1
916,LAMA2,ITGA9_ITGB1
917,LAMA2,ITGAV_ITGB8
918,LAMA2,ITGA6_ITGB4
919,LAMA2,RPSA
920,LAMA2,CD44
921,LAMA2,ITGA1
922,LAMA2,DAG1
923,TNC,ITGAV_ITGB3
924,TNC,ITGA2B_ITGB3
925,TNC,ITGA8_ITGB1
926,TNC,ITGA9_ITGB1
927,TNC,ITGAV_ITGB6
928,TNC,EGFR
929,TNC,ITGA5
930,TNC,ITGA2
931,TNC,SDC1
932,TNC,PTPRB
933,TNC,PTPRZ1
934,TNC,CNTN1
935,TNC,ITGA7
936,LAMA1,ITGA2_ITGB1
937,LAMA1,ITGA6_ITGB1
938,LAMA1,ITGA3_ITGB1
939,LAMA1,ITGA7_ITGB1
940,LAMA1,ITGA9_ITGB1
941,LAMA1,ITGAV_ITGB8
942,LAMA1,ITGA6_ITGB4
943,LAMA1,RPSA
944,LAMA1,CD44
945,LAMA1,SDC2
946,LAMA1,GPC1
947,LAMA1,ITGA1
948,LAMA1,DAG1
949,COL4A5,ITGA10_ITGB1
950,COL4A5,ITGA2_ITGB1
951,COL4A5,ITGA3_ITGB1
952,COL4A5,ITGA1_ITGB1
953,COL4A5,ITGA9_ITGB1
954,COL4A5,ITGA11_ITGB1
955,COL4A5,ITGAV_ITGB8
956,COL4A5,CD44
957,COL4A5,SDC1
958,COL4A5,CD47
959,COL4A5,GP6
960,COL4A5,CD93
961,THBS2,ITGAV_ITGB3
962,THBS2,ITGA3_ITGB1
963,THBS2,ITGA4
964,THBS2,CD36
965,THBS2,SDC1
966,THBS2,ITGA6
967,THBS2,CD47
968,THBS2,NOTCH4
969,THBS2,NOTCH3
970,THBS4,ITGAV_ITGB3
971,THBS4,ITGA3_ITGB1
972,THBS4,CD36
973,THBS4,SDC1
974,THBS4,CD47
975,THBS3,ITGAV_ITGB3
976,THBS3,ITGA3_ITGB1
977,COMP,ITGAV_ITGB3
978,COMP,ITGA3_ITGB1
979,COMP,ITGA5
980,COMP,CD36
981,COMP,SDC1
982,COMP,CD47
983,COL4A4,ITGA10_ITGB1
984,COL4A4,ITGA2_ITGB1
985,COL4A4,ITGA3_ITGB1
986,COL4A4,ITGA1_ITGB1
987,COL4A4,ITGA9_ITGB1
988,COL4A4,ITGA11_ITGB1
989,COL4A4,ITGAV_ITGB8
990,COL4A4,ITGB3
991,COL4A4,CD44
992,COL4A4,SDC1
993,COL4A4,CD47
994,COL4A4,GP6
995,COL4A4,CD93
996,LAMB2,ITGA2_ITGB1
997,LAMB2,ITGA6_ITGB1
998,LAMB2,ITGA3_ITGB1
999,LAMB2,ITGA7_ITGB1
1000,LAMB2,ITGA9_ITGB1
1001,LAMB2,ITGAV_ITGB8
1002,LAMB2,ITGA6_ITGB4
1003,LAMB2,RPSA
1004,LAMB2,CD44
1005,LAMB2,DAG1
1006,RELN,ITGA3_ITGB1
1007,RELN,VLDLR
1008,RELN,LRP8
1009,HSPG2,ITGB1
1010,HSPG2,FGFR1
1011,HSPG2,ITGA2
1012,HSPG2,SDC1
1013,HSPG2,LRP2
1014,HSPG2,LRP1
1015,HSPG2,PTPRS
1016,HSPG2,DAG1
1017,COL4A3,ITGA10_ITGB1
1018,COL4A3,ITGA2_ITGB1
1019,COL4A3,ITGA3_ITGB1
1020,COL4A3,ITGA1_ITGB1
1021,COL4A3,ITGA9_ITGB1
1022,COL4A3,ITGA11_ITGB1
1023,COL4A3,ITGAV_ITGB8
1024,COL4A3,ITGB3
1025,COL4A3,CD44
1026,COL4A3,SDC1
1027,COL4A3,CD47
1028,COL4A3,GP6
1029,COL4A3,CD93
1030,DMP1,ITGAV_ITGB3
1031,LAMB3,ITGA2_ITGB1
1032,LAMB3,ITGA6_ITGB1
1033,LAMB3,ITGA3_ITGB1
1034,LAMB3,ITGA7_ITGB1
1035,LAMB3,ITGA9_ITGB1
1036,LAMB3,ITGAV_ITGB8
1037,LAMB3,ITGA6_ITGB4
1038,LAMB3,CD44
1039,LAMB3,DAG1
1040,LAMC2,ITGA2_ITGB1
1041,LAMC2,ITGA6_ITGB1
1042,LAMC2,ITGA3_ITGB1
1043,LAMC2,ITGA7_ITGB1
1044,LAMC2,ITGA9_ITGB1
1045,LAMC2,ITGAV_ITGB8
1046,LAMC2,ITGA6_ITGB4
1047,LAMC2,CD44
1048,LAMC2,DAG1
1049,COL4A6,ITGA10_ITGB1
1050,COL4A6,ITGA2_ITGB1
1051,COL4A6,ITGA3_ITGB1
1052,COL4A6,ITGA1_ITGB1
1053,COL4A6,ITGA9_ITGB1
1054,COL4A6,ITGA11_ITGB1
1055,COL4A6,ITGAV_ITGB8
1056,COL4A6,CD44
1057,COL4A6,SDC1
1058,COL4A6,CD47
1059,COL4A6,GP6
1060,COL4A6,CD93
1061,COL9A3,ITGA10_ITGB1
1062,COL9A3,ITGA2_ITGB1
1063,COL9A3,ITGA3_ITGB1
1064,COL9A3,ITGA1_ITGB1
1065,COL9A3,ITGA9_ITGB1
1066,COL9A3,ITGA11_ITGB1
1067,COL9A3,ITGAV_ITGB8
1068,COL9A3,CD44
1069,COL9A3,SDC1
1070,COL9A3,GP6
1071,COL9A2,ITGA10_ITGB1
1072,COL9A2,ITGA2_ITGB1
1073,COL9A2,ITGA3_ITGB1
1074,COL9A2,ITGA1_ITGB1
1075,COL9A2,ITGA9_ITGB1
1076,COL9A2,ITGA11_ITGB1
1077,COL9A2,ITGAV_ITGB8
1078,COL9A2,CD44
1079,COL9A2,SDC1
1080,COL9A2,GP6
1081,LAMA4,ITGA2_ITGB1
1082,LAMA4,ITGA6_ITGB1
1083,LAMA4,ITGA3_ITGB1
1084,LAMA4,ITGA7_ITGB1
1085,LAMA4,ITGA9_ITGB1
1086,LAMA4,ITGAV_ITGB8
1087,LAMA4,ITGA6_ITGB4
1088,LAMA4,CD44
1089,LAMA4,DAG1
1090,LAMA3,ITGA2_ITGB1
1091,LAMA3,ITGA6_ITGB1
1092,LAMA3,ITGA3_ITGB1
1093,LAMA3,ITGA7_ITGB1
1094,LAMA3,ITGA9_ITGB1
1095,LAMA3,ITGAV_ITGB8
1096,LAMA3,ITGA6_ITGB4
1097,LAMA3,CD44
1098,LAMA3,SDC2
1099,LAMA3,DAG1
1100,TNR,ITGAV_ITGB3
1101,TNR,ITGA2B_ITGB3
1102,TNR,ITGA8_ITGB1
1103,TNR,ITGA9_ITGB1
1104,TNR,ITGAV_ITGB6
1105,TNR,SDC1
1106,DSPP,ITGAV_ITGB1
1107,DSPP,ITGAV_ITGB6
1108,TNN,ITGAV_ITGB3
1109,TNN,ITGA2B_ITGB3
1110,TNN,ITGA8_ITGB1
1111,TNN,ITGA9_ITGB1
1112,TNN,ITGAV_ITGB6
1113,TNN,SDC1
1114,LAMC3,ITGA2_ITGB1
1115,LAMC3,ITGA6_ITGB1
1116,LAMC3,ITGA3_ITGB1
1117,LAMC3,ITGA7_ITGB1
1118,LAMC3,ITGA9_ITGB1
1119,LAMC3,ITGAV_ITGB8
1120,LAMC3,ITGA6_ITGB4
1121,LAMC3,CD44
1122,LAMC3,DAG1
1123,CLCF1_CRLF1,CNTFR_IL6ST
1124,LTA_LTB,LTBR
1125,IGHG1_IGLC1,FCGR3B
1126,IGHG1_IGLC1,FCGR2B
1127,INHA_INHBA,ACVR2A
1128,INHA_INHBB,ACVR2B
1129,INHBA_INHBB,ACVR1B_ACVR2A
1130,INHBA_INHBB,ACVR1_ACVR2A
1131,INHBA_INHBB,ACVR1C_ACVR2A
1132,INHBA_INHBB,ACVR1B_ACVR2B
1133,INHBA_INHBB,ACVR1_ACVR2B
1134,INHBA_INHBB,ACVR1C_ACVR2B
1135,CSF1_IL34,CSF1R
1136,IL12A_IL12B,IL12RB1_IL12RB2
1137,EBI3_IL12A,IL12RB2_IL6ST
1138,IL12A_IL27,IL12RB2_IL27RA
1139,IL12B_IL23A,IL12RB1_IL23R
1140,EBI3_IL27,IL27RA_IL6ST
1141,IL17A_IL17F,IL17RA_IL17RC
1142,IFNL4,IL10RB
1143,IFNL4,IFNLR1
1144,CCL24,CCR2
1145,CCL24,CCR3
1146,CORT,ADRA2A
1147,CORT,SSTR1
1148,CORT,SSTR2
1149,CORT,SSTR4
1150,CORT,SSTR3
1151,CORT,SSTR5
1152,CORT,MTNR1A
1153,CORT,GRM7
1154,CORT,GHSR
1155,CORT,MRGPRX2
1156,AGRP,SDC3
1157,AGRP,MC4R
1158,AGRP,MC5R
1159,AGRP,MC3R
1160,LEFTY2,ACVR2A
1161,LEFTY2,ACVR1B
1162,LEFTY2,ACVR2B
1163,CCL21,ADRA2A
1164,CCL21,CCR7
1165,CCL21,CCR10
1166,CCL21,MTNR1A
1167,CCL21,CXCR3
1168,CCL21,GRM7
1169,CCL21,ACKR4
1170,CCN1,TLR4
1171,CCN1,TLR2
1172,CCN1,ITGB3
1173,CCN1,ITGB2
1174,CCN1,ITGAV
1175,CCN1,ITGA5
1176,CCN1,ITGAM
1177,CCN1,ITGB5
1178,CCL22,CCR4
1179,NTN3,CDON
1180,NTN3,NEO1
1181,WNT10B,FZD9_LRP5
1182,WNT10B,FZD9_LRP6
1183,WNT10B,FZD6_LRP5
1184,WNT10B,FZD6_LRP6
1185,WNT10B,FZD7_LRP5
1186,WNT10B,FZD7_LRP6
1187,WNT10B,FZD5_LRP5
1188,WNT10B,FZD2_LRP5
1189,WNT10B,FZD8_LRP5
1190,WNT10B,FZD3_LRP5
1191,WNT10B,FZD4_LRP5
1192,WNT10B,FZD10_LRP5
1193,WNT10B,FZD1_LRP5
1194,WNT10B,FZD5_LRP6
1195,WNT10B,FZD2_LRP6
1196,WNT10B,FZD8_LRP6
1197,WNT10B,FZD3_LRP6
1198,WNT10B,FZD4_LRP6
1199,WNT10B,FZD10_LRP6
1200,WNT10B,FZD1_LRP6
1201,WNT7A,FZD9_LRP5
1202,WNT7A,FZD9_LRP6
1203,WNT7A,FZD6_LRP5
1204,WNT7A,FZD6_LRP6
1205,WNT7A,FZD7_LRP5
1206,WNT7A,FZD7_LRP6
1207,WNT7A,FZD5_LRP5
1208,WNT7A,FZD2_LRP5
1209,WNT7A,FZD8_LRP5
1210,WNT7A,FZD3_LRP5
1211,WNT7A,FZD4_LRP5
1212,WNT7A,FZD10_LRP5
1213,WNT7A,FZD1_LRP5
1214,WNT7A,FZD5_LRP6
1215,WNT7A,FZD2_LRP6
1216,WNT7A,FZD8_LRP6
1217,WNT7A,FZD3_LRP6
1218,WNT7A,FZD4_LRP6
1219,WNT7A,FZD10_LRP6
1220,WNT7A,FZD1_LRP6
1221,WNT7A,RECK
1222,WNT7A,LDLR
1223,CXCL11,ADRA2A
1224,CXCL11,ACKR3
1225,CXCL11,MTNR1A
1226,CXCL11,CXCR3
1227,CXCL11,CCR3
1228,CXCL11,CCR5
1229,CXCL11,GRM7
1230,CXCL11,ACKR1
1231,MSTN,ACVR1B_ACVR2A
1232,MSTN,ACVR2A_TGFBR1
1233,MSTN,ACVR1B_ACVR2B
1234,MSTN,ACVR2B_TGFBR1
1235,WNT9A,FZD9_LRP5
1236,WNT9A,FZD9_LRP6
1237,WNT9A,FZD6_LRP5
1238,WNT9A,FZD6_LRP6
1239,WNT9A,FZD7_LRP5
1240,WNT9A,FZD7_LRP6
1241,WNT9A,FZD5_LRP5
1242,WNT9A,FZD2_LRP5
1243,WNT9A,FZD8_LRP5
1244,WNT9A,FZD3_LRP5
1245,WNT9A,FZD4_LRP5
1246,WNT9A,FZD10_LRP5
1247,WNT9A,FZD1_LRP5
1248,WNT9A,FZD5_LRP6
1249,WNT9A,FZD2_LRP6
1250,WNT9A,FZD8_LRP6
1251,WNT9A,FZD3_LRP6
1252,WNT9A,FZD4_LRP6
1253,WNT9A,FZD10_LRP6
1254,WNT9A,FZD1_LRP6
1255,WNT9B,FZD9_LRP5
1256,WNT9B,FZD9_LRP6
1257,WNT9B,FZD6_LRP5
1258,WNT9B,FZD6_LRP6
1259,WNT9B,FZD7_LRP5
1260,WNT9B,FZD7_LRP6
1261,WNT9B,FZD5_LRP5
1262,WNT9B,FZD2_LRP5
1263,WNT9B,FZD8_LRP5
1264,WNT9B,FZD3_LRP5
1265,WNT9B,FZD4_LRP5
1266,WNT9B,FZD10_LRP5
1267,WNT9B,FZD1_LRP5
1268,WNT9B,FZD5_LRP6
1269,WNT9B,FZD2_LRP6
1270,WNT9B,FZD8_LRP6
1271,WNT9B,FZD3_LRP6
1272,WNT9B,FZD4_LRP6
1273,WNT9B,FZD10_LRP6
1274,WNT9B,FZD1_LRP6
1275,SEMA3E,NRP1
1276,SEMA3E,PLXND1
1277,ANGPT2,ITGA5_ITGB1
1278,ANGPT2,TIE1
1279,ANGPT2,TEK
1280,NPFF,NPFFR1
1281,NPFF,NPFFR2
1282,VGF,NTRK1
1283,DEFB4B,TLR4
1284,DEFB4B,CCR6
1285,CCL25,ADRA2A
1286,CCL25,CCR10
1287,CCL25,MTNR1A
1288,CCL25,CCR9
1289,CCL25,GRM7
1290,CCL25,ACKR4
1291,CCL16,ADRA2A
1292,CCL16,CCR1
1293,CCL16,CCR2
1294,CCL16,MTNR1A
1295,CCL16,CCR5
1296,CCL16,CCR8
1297,CCL16,GRM7
1298,CCL16,ACKR1
1299,CCL16,HRH4
1300,FGF10,FGFR1
1301,FGF10,FGFR2
1302,FGF10,FGFRL1
1303,FGF16,FGFR1
1304,FGF16,FGFR2
1305,FGF16,FGFR4
1306,FGF16,FGFR3
1307,DHH,PTCH1_SMO
1308,DHH,PTCH2_SMO
1309,DHH,CDON
1310,DHH,BOC
1311,HCRT,HCRTR1
1312,HCRT,HCRTR2
1313,HCRT,NPFFR2
1314,ANGPTL7,LILRB3
1315,EDIL3,ITGB3
1316,EDIL3,ITGAV
1317,EDIL3,ITGB5
1318,CD5L,CD5
1319,VEGFD,FLT4_KDR
1320,VEGFD,NRP2
1321,VEGFD,ITGB1
1322,VEGFD,ITGA5
1323,VEGFD,ITGA4
1324,VEGFD,ITGA2
1325,VEGFD,FLT1
1326,VEGFD,ITGA1
1327,VEGFD,ITGA9
1328,CXCL13,ADRA2A
1329,CXCL13,CXCR5
1330,CXCL13,CCR10
1331,CXCL13,MTNR1A
1332,CXCL13,CXCR3
1333,CXCL13,GRM7
1334,CXCL13,ACKR1
1335,CXCL13,ACKR4
1336,FGF17,FGFR1
1337,FGF17,FGFR2
1338,FGF17,FGFR4
1339,FGF17,FGFR3
1340,GDF9,ACVR1B_BMPR2
1341,GDF9,BMPR2_TGFBR1
1342,GDF9,BMPR1B
1343,GDF9,ACVR2A
1344,GDF9,BMPR1A
1345,PSPN,GFRA4_RET
1346,PSPN,GFRA2
1347,PSPN,SDC3
1348,PSPN,GFRA1
1349,GREM1,KDR
1350,SLIT1,SDC1
1351,SLIT1,GPC1
1352,SLIT1,ROBO2
1353,SLIT1,FLRT3
1354,SLIT1,ROBO1
1355,SLIT3,ROBO4
1356,SLIT3,ROBO2
1357,SLIT3,ROBO1
1358,PGLYRP1,TREM1
1359,LEFTY1,ACVR2A
1360,LEFTY1,ACVR1B
1361,LEFTY1,ACVR2B
1362,FGF18,FGFR1
1363,FGF18,FGFR2
1364,FGF18,FGFR4
1365,FGF18,FGFR3
1366,SLIT2,APP
1367,SLIT2,SDC1
1368,SLIT2,GPC1
1369,SLIT2,DCC
1370,SLIT2,ROBO4
1371,SLIT2,ROBO2
1372,SLIT2,ROBO1
1373,LRIG2,EGFR
1374,DKK1,LRP4
1375,DKK1,LRP5
1376,DKK1,LRP6
1377,DKK1,KREMEN2
1378,DKK1,KREMEN1
1379,SEMA3D,NRP1_PLXNA2
1380,SEMA3D,NRP1_PLXNA3
1381,SEMA3D,NRP1_PLXNA4
1382,SEMA3D,NRP1_PLXNA1
1383,SEMA3D,NRP2_PLXNA2
1384,SEMA3D,NRP2_PLXNA3
1385,SEMA3D,NRP2_PLXNA4
1386,SEMA3D,NRP2_PLXNA1
1387,SEMA3D,PLXND1
1388,NXPH2,NRXN1
1389,NXPH3,NRXN1
1390,NXPH3,NRXN3
1391,NXPH3,NRXN2
1392,CCN4,ITGB1
1393,CCN4,ITGA5
1394,GDF11,ACVR1B_ACVR2A
1395,GDF11,ACVR2A_TGFBR1
1396,GDF11,ACVR1B_ACVR2B
1397,GDF11,ACVR2B_TGFBR1
1398,GDF11,BMPR1B
1399,GDF11,BMPR1A
1400,GDF11,BMPR2
1401,GDF11,ANTXR1
1402,BMP10,ACVR2A_ACVRL1
1403,BMP10,ACVR2B_ACVRL1
1404,BMP10,ACVRL1_BMPR2
1405,BMP10,BMPR1B
1406,BMP10,FFAR2
1407,BMP10,BMPR1A
1408,BMP10,KIR2DL3
1409,BMP10,KIR3DL1
1410,BMP10,KIR3DS1
1411,BMP10,GPR152
1412,BMP10,VSIR
1413,UTS2,UTS2R
1414,NTN1,UNC5C
1415,NTN1,ADORA2B
1416,NTN1,MCAM
1417,NTN1,DCC
1418,NTN1,UNC5D
1419,NTN1,UNC5A
1420,NTN1,UNC5B
1421,NTN1,NEO1
1422,CXCL14,CXCR4
1423,FGF19,FGFR1
1424,FGF19,FGFR2
1425,FGF19,FGFR4
1426,FGF19,FGFR3
1427,FGF19,KLB
1428,IL33,IL1RAP_IL1RL1
1429,CER1,MRC2
1430,ANGPTL1,LILRB3
1431,ANGPTL1,TEK
1432,OLFM2,ROBO2
1433,LGI1,ADAM23
1434,LGI1,RTN4R
1435,BMP15,BMPR1B_BMPR2
1436,BMP15,ACVR2A
1437,BMP15,BMPR1A
1438,WNT11,FZD9
1439,WNT11,MUSK
1440,WNT11,FZD6
1441,WNT11,FZD7
1442,WNT11,FZD5
1443,WNT11,FZD2
1444,WNT11,FZD8
1445,WNT11,FZD3
1446,WNT11,FZD4
1447,WNT11,FZD10
1448,HP,TLR4
1449,HP,ITGB2
1450,HP,ASGR1
1451,HP,ASGR2
1452,HP,ITGAM
1453,HP,CD22
1454,HP,CD163
1455,PLG,F2RL2
1456,PLG,ITGB2
1457,PLG,ITGB1
1458,PLG,ITGAM
1459,PLG,IGF2R
1460,PLG,F3
1461,PLG,FLT1
1462,PLG,F2R
1463,PLG,F2RL1
1464,PLG,PLAUR
1465,PLG,ITGA9
1466,PLG,PARD3
1467,PLG,F2RL3
1468,AGT,MAS1
1469,AGT,ADRA2A
1470,AGT,AGTR1
1471,AGT,MTNR1A
1472,AGT,AGTR2
1473,AGT,LRP2
1474,AGT,GRM7
1475,KNG1,ITGB2
1476,KNG1,GP1BA
1477,KNG1,ADRA2A
1478,KNG1,ITGAM
1479,KNG1,BDKRB2
1480,KNG1,SDC2
1481,KNG1,BDKRB1
1482,KNG1,MTNR1A
1483,KNG1,PLAUR
1484,KNG1,GRM7
1485,KNG1,GPR135
1486,KNG1,RXFP4
1487,KNG1,CD93
1488,PDGFB,PDGFRA_PDGFRB
1489,PDGFB,ITGAV
1490,PDGFB,S1PR1
1491,PDGFB,LRP1
1492,PDGFB,ADGRV1
1493,EGF,EGFR_ERBB2
1494,EGF,NRP1
1495,EGF,LDLR
1496,EGF,ADRB2
1497,EGF,ERBB3
1498,EGF,FSHR
1499,EGF,AXL
1500,EGF,LRP2
1501,EGF,ERBB4
1502,TGFB1,ITGAV_ITGB6
1503,TGFB1,ACVR1B_TGFBR2
1504,TGFB1,TGFBR1_TGFBR2
1505,TGFB1,ACVR1_TGFBR1_TGFBR2
1506,TGFB1,ACVR1_TGFBR2
1507,TGFB1,ACVR1C_TGFBR2
1508,TGFB1,EGFR
1509,TGFB1,ITGB3
1510,TGFB1,ITGB1
1511,TGFB1,ITGB5
1512,TGFB1,ITGB8
1513,TGFB1,SDC2
1514,TGFB1,ACVRL1
1515,TGFB1,CXCR4
1516,TGFB1,TGFBR3
1517,TGFB1,VASN
1518,NGF,NTRK1
1519,NGF,NGFR
1520,NGF,SORCS2
1521,NPPA,NPR1
1522,NPPA,NPR3
1523,NPPA,NPR2
1524,OXT,AVPR2
1525,OXT,OXTR
1526,OXT,AVPR1A
1527,OXT,AVPR1B
1528,AVP,RAMP2
1529,AVP,RAMP3
1530,AVP,LDLR
1531,AVP,ADRB2
1532,AVP,ADRB3
1533,AVP,TSHR
1534,AVP,AVPR2
1535,AVP,OXTR
1536,AVP,VIPR1
1537,AVP,AVPR1A
1538,AVP,ADCYAP1R1
1539,AVP,AVPR1B
1540,AVP,LRP2
1541,AVP,PTH1R
1542,AVP,GPR20
1543,AVP,GPR84
1544,POMC,RAMP2
1545,POMC,RAMP3
1546,POMC,ADRB2
1547,POMC,ADRA2A
1548,POMC,ADRB3
1549,POMC,TSHR
1550,POMC,VIPR1
1551,POMC,MC4R
1552,POMC,MC5R
1553,POMC,OPRM1
1554,POMC,OPRK1
1555,POMC,OPRL1
1556,POMC,ADCYAP1R1
1557,POMC,MC3R
1558,POMC,MTNR1A
1559,POMC,MC2R
1560,POMC,MC1R
1561,POMC,PTH1R
1562,POMC,GRM7
1563,POMC,GPR20
1564,POMC,GPR84
1565,PENK,ADRA2A
1566,PENK,OPRM1
1567,PENK,OPRK1
1568,PENK,OPRL1
1569,PENK,MTNR1A
1570,PENK,GRM7
1571,PENK,MRGPRX1
1572,PENK,OGFR
1573,PDYN,ADRA2A
1574,PDYN,OPRM1
1575,PDYN,OPRK1
1576,PDYN,OPRL1
1577,PDYN,MTNR1A
1578,PDYN,GRM7
1579,CGA,RAMP2
1580,CGA,RAMP3
1581,CGA,ADRB2
1582,CGA,ADRB3
1583,CGA,TSHR
1584,CGA,LHCGR
1585,CGA,FSHR
1586,CGA,VIPR1
1587,CGA,ADCYAP1R1
1588,CGA,PTH1R
1589,CGA,GPR20
1590,CGA,GPR84
1591,TSHB,RAMP2
1592,TSHB,RAMP3
1593,TSHB,ADRB2
1594,TSHB,ADRB3
1595,TSHB,TSHR
1596,TSHB,VIPR1
1597,TSHB,ADCYAP1R1
1598,TSHB,PTH1R
1599,TSHB,GPR20
1600,TSHB,GPR84
1601,FSHB,RAMP2
1602,FSHB,RAMP3
1603,FSHB,ADRB2
1604,FSHB,ADRB3
1605,FSHB,TSHR
1606,FSHB,FSHR
1607,FSHB,VIPR1
1608,FSHB,ADCYAP1R1
1609,FSHB,PTH1R
1610,FSHB,GPR20
1611,FSHB,GPR84
1612,LHB,RAMP2
1613,LHB,RAMP3
1614,LHB,ADRB2
1615,LHB,ADRB3
1616,LHB,TSHR
1617,LHB,LHCGR
1618,LHB,VIPR1
1619,LHB,ADCYAP1R1
1620,LHB,PTH1R
1621,LHB,GPR20
1622,LHB,GPR84
1623,PRL,PRLR
1624,GH1,GHR
1625,GH1,PRLR
1626,GH2,GHR
1627,CALCA,ADRB2
1628,CALCA,ADRB3
1629,CALCA,TSHR
1630,CALCA,VIPR1
1631,CALCA,ADCYAP1R1
1632,CALCA,PTH1R
1633,CALCA,GPR20
1634,CALCA,GPR84
1635,TG,TPO
1636,TG,ASGR1
1637,TG,LRP2
1638,PTH,RAMP2
1639,PTH,RAMP3
1640,PTH,LRP6
1641,PTH,ADRB2
1642,PTH,ADRB3
1643,PTH,TSHR
1644,PTH,VIPR1
1645,PTH,ADCYAP1R1
1646,PTH,PTH2R
1647,PTH,PTH1R
1648,PTH,GPR20
1649,PTH,GPR84
1650,GCG,RAMP2
1651,GCG,RAMP3
1652,GCG,GLP2R
1653,GCG,ADRB2
1654,GCG,ADRB3
1655,GCG,TSHR
1656,GCG,VIPR1
1657,GCG,ADCYAP1R1
1658,GCG,GLP1R
1659,GCG,GCGR
1660,GCG,GIPR
1661,GCG,PTH1R
1662,GCG,GPR20
1663,GCG,GPR84
1664,VIP,RAMP1
1665,VIP,RAMP2
1666,VIP,RAMP3
1667,VIP,ADRB2
1668,VIP,ADRB3
1669,VIP,TSHR
1670,VIP,NPR3
1671,VIP,VIPR1
1672,VIP,AVPR1A
1673,VIP,ADCYAP1R1
1674,VIP,VIPR2
1675,VIP,SCTR
1676,VIP,PTH1R
1677,VIP,GPR20
1678,VIP,GPR84
1679,GHRH,RAMP2
1680,GHRH,RAMP3
1681,GHRH,ADRB2
1682,GHRH,ADRB3
1683,GHRH,TSHR
1684,GHRH,VIPR1
1685,GHRH,ADCYAP1R1
1686,GHRH,VIPR2
1687,GHRH,GHRHR
1688,GHRH,PTH1R
1689,GHRH,GHSR
1690,GHRH,GPR20
1691,GHRH,GPR84
1692,PPY,ADRA2A
1693,PPY,NPY1R
1694,PPY,MTNR1A
1695,PPY,NPY2R
1696,PPY,NPY4R
1697,PPY,GRM7
1698,PPY,NPY5R
1699,PPY,NPY6R
1700,PPY,GPR83
1701,NPY,ADRA2A
1702,NPY,NPY1R
1703,NPY,MC4R
1704,NPY,MTNR1A
1705,NPY,NPY2R
1706,NPY,PRLHR
1707,NPY,NPY4R
1708,NPY,GRM7
1709,NPY,NPY5R
1710,NPY,NPY6R
1711,NPY,GPR83
1712,NPY,NPFFR2
1713,INS,INSR
1714,INS,IGF1R
1715,INS,LRP2
1716,INS,LILRB2
1717,INS,LILRB1
1718,IGF2,ITGAV_ITGB3
1719,IGF2,ITGA6_ITGB4
1720,IGF2,INSR
1721,IGF2,IGF1R
1722,IGF2,IGF2R
1723,IGF2,GPR152
1724,GAST,CCKBR
1725,GAST,KIR2DL3
1726,GAST,GPR152
1727,LTA,TNFRSF1A
1728,LTA,TNFRSF1B
1729,LTA,TNFRSF14
1730,IFNA1,IFNAR1_IFNAR2
1731,IFNA1,CR2
1732,IFNA2,IFNAR1_IFNAR2
1733,IFNA10,IFNAR1_IFNAR2
1734,IFNA7,IFNAR1_IFNAR2
1735,IFNA21,IFNAR1_IFNAR2
1736,IFNA5,IFNAR1_IFNAR2
1737,IFNA14,IFNAR1_IFNAR2
1738,IFNA17,IFNAR1_IFNAR2
1739,IFNB1,IFNAR1_IFNAR2
1740,IFNG,IFNGR1_IFNGR2
1741,IL1A,IL1R1_IL1RAP
1742,IL1A,IL1R2_IL1RAP
1743,IL1B,IL1R1_IL1RAP
1744,IL1B,IL1R2_IL1RAP
1745,IL1B,ADRB2
1746,IL1B,SIGIRR
1747,EPO,EPOR
1748,EPO,EPHB4
1749,APOA1,LDLR
1750,APOA1,LRP2
1751,APOA1,LRP1
1752,APOE,LRP4
1753,APOE,LRP5
1754,APOE,LRP6
1755,APOE,LDLR
1756,APOE,SDC2
1757,APOE,VLDLR
1758,APOE,LRP2
1759,APOE,LRP1
1760,APOE,LRP8
1761,APOE,LSR
1762,APOE,SCARB1
1763,APOE,TREM2
1764,APOA2,LDLR
1765,APOA2,LRP2
1766,APOA2,LRP1
1767,APOC2,LDLR
1768,APOC2,LRP2
1769,APOC2,LRP1
1770,APOC3,TLR2
1771,APOC3,LDLR
1772,APOC3,SDC2
1773,APOC3,LRP2
1774,APOC3,LRP1
1775,ORM1,CCR5
1776,TTR,NGFR
1777,GC,LRP2
1778,PPBP,ADRA2A
1779,PPBP,CXCR1
1780,PPBP,CXCR2
1781,PPBP,MTNR1A
1782,PPBP,GRM7
1783,PPBP,ACKR1
1784,PF4,LDLR
1785,PF4,THBD
1786,PF4,ADRA2A
1787,PF4,FGFR2
1788,PF4,SDC2
1789,PF4,MTNR1A
1790,PF4,CXCR3
1791,PF4,LRP1
1792,PF4,GRM7
1793,PF4,ACKR1
1794,PF4,PROCR
1795,CXCL10,ADRA2A
1796,CXCL10,MTNR1A
1797,CXCL10,CXCR3
1798,CXCL10,CCR3
1799,CXCL10,GRM7
1800,CXCL10,ACKR1
1801,TF,LDLR
1802,TF,TFRC
1803,TF,ADRB2
1804,TF,LRP2
1805,TF,TFR2
1806,HPX,LRP1
1807,ANG,PLXNB2
1808,ANG,EGFR
1809,AMH,AMHR2_BMPR1B
1810,AMH,AMHR2_BMPR1A
1811,AMH,ACVR1_AMHR2
1812,AMH,EGFR
1813,PDGFA,PDGFRB
1814,PDGFA,PDGFRA
1815,RLN2,RAMP2
1816,RLN2,RAMP3
1817,RLN2,ADRB2
1818,RLN2,ADRB3
1819,RLN2,TSHR
1820,RLN2,VIPR1
1821,RLN2,ADCYAP1R1
1822,RLN2,PTH1R
1823,RLN2,RXFP2
1824,RLN2,GPR20
1825,RLN2,RXFP1
1826,RLN2,GPR84
1827,RLN2,RXFP3
1828,APOB,TLR4
1829,APOB,LRP6
1830,APOB,LDLR
1831,APOB,ITGB2
1832,APOB,ADRB2
1833,APOB,ITGAM
1834,APOB,OLR1
1835,APOB,VLDLR
1836,APOB,LRP2
1837,APOB,LRP1
1838,APOB,LRP8
1839,APOB,LSR
1840,APOB,TLR6
1841,CSF2,CSF2RA_CSF2RB
1842,CSF2,ITGB1
1843,CSF2,CSF1R
1844,CSF2,IL3RA
1845,CSF2,SDC2
1846,CSF2,ITGA9
1847,CSF2,CSF3R
1848,TFF1,FCRL4
1849,WNT1,FZD9_LRP5
1850,WNT1,FZD9_LRP6
1851,WNT1,FZD6_LRP5
1852,WNT1,FZD6_LRP6
1853,WNT1,FZD7_LRP5
1854,WNT1,FZD7_LRP6
1855,WNT1,FZD5_LRP5
1856,WNT1,FZD2_LRP5
1857,WNT1,FZD8_LRP5
1858,WNT1,FZD3_LRP5
1859,WNT1,FZD4_LRP5
1860,WNT1,FZD10_LRP5
1861,WNT1,FZD1_LRP5
1862,WNT1,FZD5_LRP6
1863,WNT1,FZD2_LRP6
1864,WNT1,FZD8_LRP6
1865,WNT1,FZD3_LRP6
1866,WNT1,FZD4_LRP6
1867,WNT1,FZD10_LRP6
1868,WNT1,FZD1_LRP6
1869,WNT1,CD36
1870,WNT1,RYK
1871,WNT1,ROR2
1872,RLN1,RXFP4
1873,RLN1,RXFP2
1874,RLN1,RXFP1
1875,RLN1,RXFP3
1876,IFNW1,IFNAR1_IFNAR2
1877,IFNA6,IFNAR1_IFNAR2
1878,IFNA4,IFNAR1_IFNAR2
1879,IFNA16,IFNAR1_IFNAR2
1880,IGF1,ITGAV_ITGB3
1881,IGF1,ITGA6_ITGB4
1882,IGF1,INSR
1883,IGF1,IGF1R
1884,IGF1,IGF2R
1885,APOD,LEPR
1886,S100A8,TLR4
1887,S100A8,ITGB2
1888,S100A8,CD36
1889,S100A8,CD68
1890,S100A8,AGER
1891,INHA,TGFBR3
1892,INHA,ACVR1
1893,IL4,IL2RG_IL4R
1894,IL4,IL13_IL13RA1_IL4R
1895,IL4,IL13RA1_IL4R
1896,IL4,IL13RA2_IL4R
1897,IL4,CD53
1898,IL5,CSF2RB_IL5RA
1899,FGF1,NRP1
1900,FGF1,EGFR
1901,FGF1,FGFR1
1902,FGF1,CD44
1903,FGF1,FGFR2
1904,FGF1,FGFR4
1905,FGF1,FGFR3
1906,FGF1,TGFBR3
1907,FGF1,CSPG4
1908,FGF1,FGFRL1
1909,IL6,IL6R_IL6ST
1910,IL6,F3
1911,IL6,HRH1
1912,EDN1,EDNRB
1913,EDN1,EDNRA
1914,EDN1,ADGRL4
1915,HLA-DQB2,LAG3
1916,CCK,CCKAR
1917,CCK,CCKBR
1918,S100A9,TLR4
1919,S100A9,ITGB2
1920,S100A9,CD36
1921,S100A9,CD68
1922,S100A9,AGER
1923,APOA4,LDLR
1924,APOA4,LRP2
1925,APOA4,LRP1
1926,GPI,NTRK1
1927,CRH,RAMP2
1928,CRH,RAMP3
1929,CRH,ADRB2
1930,CRH,ADRB3
1931,CRH,TSHR
1932,CRH,VIPR1
1933,CRH,CRHR1
1934,CRH,ADCYAP1R1
1935,CRH,MC2R
1936,CRH,PTH1R
1937,CRH,CRHR2
1938,CRH,GPR20
1939,CRH,GPR84
1940,CALCA,CALCRL_RAMP1
1941,CALCA,CALCRL_RAMP2
1942,CALCA,CALCRL_RAMP3
1943,PRSS1,F2RL2
1944,PRSS1,F2R
1945,PRSS1,F2RL1
1946,PRSS1,PARD3
1947,PRSS1,F2RL3
1948,PRSS2,F2RL2
1949,PRSS2,F2R
1950,PRSS2,F2RL1
1951,PRSS2,PARD3
1952,PRSS2,F2RL3
1953,GRP,NMBR
1954,GRP,GRPR
1955,GRP,BRS3
1956,DCN,TLR4
1957,DCN,TLR2
1958,DCN,EGFR
1959,DCN,MET
1960,DCN,ERBB4
1961,INHBA,TGFBR3
1962,INHBA,BAMBI
1963,LPA,ITGB2
1964,LPA,ITGAM
1965,LPA,LRP2
1966,LPA,LPAR4
1967,LPA,LPAR2
1968,LPA,LPAR3
1969,FGF4,NRP1
1970,FGF4,FGFR1
1971,FGF4,FGFR2
1972,FGF4,FGFR4
1973,FGF4,FGFR3
1974,FGF4,FGFRL1
1975,IL3,CSF2RB_IL3RA
1976,NMB,NMBR
1977,NMB,GRPR
1978,NMB,BRS3
1979,FGF2,NRP1
1980,FGF2,SDC3
1981,FGF2,GPC4
1982,FGF2,FGFR1
1983,FGF2,CD44
1984,FGF2,SDC1
1985,FGF2,FGFR2
1986,FGF2,FGFR4
1987,FGF2,FGFR3
1988,FGF2,SDC2
1989,FGF2,FGFRL1
1990,CXCL1,ADRA2A
1991,CXCL1,CXCR1
1992,CXCL1,CXCR2
1993,CXCL1,MTNR1A
1994,CXCL1,GRM7
1995,CXCL1,ACKR1
1996,LGALS1,ITGB1
1997,LGALS1,PTPRC
1998,WNT2,FZD9_LRP5
1999,WNT2,FZD9_LRP6
2000,WNT2,FZD6_LRP5
2001,WNT2,FZD6_LRP6
2002,WNT2,FZD7_LRP5
2003,WNT2,FZD7_LRP6
2004,WNT2,FZD5_LRP5
2005,WNT2,FZD2_LRP5
2006,WNT2,FZD8_LRP5
2007,WNT2,FZD3_LRP5
2008,WNT2,FZD4_LRP5
2009,WNT2,FZD10_LRP5
2010,WNT2,FZD1_LRP5
2011,WNT2,FZD5_LRP6
2012,WNT2,FZD2_LRP6
2013,WNT2,FZD8_LRP6
2014,WNT2,FZD3_LRP6
2015,WNT2,FZD4_LRP6
2016,WNT2,FZD10_LRP6
2017,WNT2,FZD1_LRP6
2018,GIP,RAMP2
2019,GIP,RAMP3
2020,GIP,INSR
2021,GIP,ADRB2
2022,GIP,ADRB3
2023,GIP,TSHR
2024,GIP,VIPR1
2025,GIP,ADCYAP1R1
2026,GIP,GIPR
2027,GIP,PTH1R
2028,GIP,GPR20
2029,GIP,GPR84
2030,SCT,RAMP2
2031,SCT,RAMP3
2032,SCT,ADRB2
2033,SCT,ADRB3
2034,SCT,TSHR
2035,SCT,VIPR1
2036,SCT,ADCYAP1R1
2037,SCT,VIPR2
2038,SCT,SCTR
2039,SCT,PTH1R
2040,SCT,GPR20
2041,SCT,GPR84
2042,CSF3,CSF1R
2043,CSF3,CSF3R
2044,C4B,CD46
2045,C4B,CR1
2046,NPS,RAMP2
2047,NPS,RAMP3
2048,NPS,ADRB2
2049,NPS,ADRB3
2050,NPS,TSHR
2051,NPS,VIPR1
2052,NPS,ADCYAP1R1
2053,NPS,PTH1R
2054,NPS,NPSR1
2055,NPS,GPR20
2056,NPS,GPR84
2057,SAA1,TLR2
2058,SAA1,ADRA2A
2059,SAA1,CD36
2060,SAA1,FPR1
2061,SAA1,FPR2
2062,SAA1,MTNR1A
2063,SAA1,GRM7
2064,SAA1,SCARB1
2065,APELA,APLNR
2066,CSH1,PRLR
2067,CSH2,PRLR
2068,CGB8,LHCGR
2069,SLURP2,CHRNA3
2070,PYY,ADRA2A
2071,PYY,NPY1R
2072,PYY,MTNR1A
2073,PYY,NPY2R
2074,PYY,NPY4R
2075,PYY,GRM7
2076,PYY,NPY5R
2077,PYY,NPY6R
2078,PYY,GPR83
2079,CALCB,RAMP1
2080,CALCB,RAMP2
2081,CALCB,RAMP3
2082,CALCB,ADRB2
2083,CALCB,ADRB3
2084,CALCB,TSHR
2085,CALCB,VIPR1
2086,CALCB,ADCYAP1R1
2087,CALCB,PTH1R
2088,CALCB,CALCRL
2089,CALCB,GPR20
2090,CALCB,GPR84
2091,CXCL8,SDC3
2092,CXCL8,ADRA2A
2093,CXCL8,CD79A
2094,CXCL8,SDC1
2095,CXCL8,CXCR1
2096,CXCL8,CXCR2
2097,CXCL8,SDC2
2098,CXCL8,KDR
2099,CXCL8,MTNR1A
2100,CXCL8,GRM7
2101,CXCL8,ACKR1
2102,CCL3,CCR1
2103,CCL3,CCR3
2104,CCL3,CCR4
2105,CCL3,CCR5
2106,SPP1,ITGAV_ITGB3
2107,SPP1,ITGAV_ITGB1
2108,SPP1,ITGA5_ITGB1
2109,SPP1,ITGA4_ITGB1
2110,SPP1,ITGA8_ITGB1
2111,SPP1,ITGA9_ITGB1
2112,SPP1,ITGAV_ITGB5
2113,SPP1,ITGAV_ITGB6
2114,SPP1,CD44
2115,SPP1,PTGER4
2116,SPP1,CCR8
2117,PF4V1,CXCR3
2118,RBP3,NOTCH1
2119,FGF6,FGFR1
2120,FGF6,FGFR2
2121,FGF6,FGFR4
2122,FGF6,FGFR3
2123,IAPP,RAMP1
2124,IAPP,RAMP2
2125,IAPP,RAMP3
2126,IAPP,ADRB2
2127,IAPP,ADRB3
2128,IAPP,TSHR
2129,IAPP,VIPR1
2130,IAPP,ADCYAP1R1
2131,IAPP,PTH1R
2132,IAPP,CALCRL
2133,IAPP,GPR20
2134,IAPP,GPR84
2135,FGF3,FGFR1
2136,FGF3,FGFR2
2137,FGF3,FGFR4
2138,FGF3,FGFR3
2139,FGF3,FGFRL1
2140,SCGB1A1,LRP2
2141,FGF5,FGFR1
2142,FGF5,FGFR2
2143,FGF5,FGFR4
2144,FGF5,FGFR3
2145,PTHLH,RAMP2
2146,PTHLH,RAMP3
2147,PTHLH,ADRB2
2148,PTHLH,ADRB3
2149,PTHLH,TSHR
2150,PTHLH,VIPR1
2151,PTHLH,ADCYAP1R1
2152,PTHLH,PTH2R
2153,PTHLH,PRLHR
2154,PTHLH,PTH1R
2155,PTHLH,GPR20
2156,PTHLH,GPR84
2157,PIP,CD4
2158,PIP,NPTN
2159,GZMA,F2RL2
2160,GZMA,F2R
2161,GZMA,F2RL1
2162,GZMA,PARD3
2163,GZMA,F2RL3
2164,BMP2,ACVR2A_BMPR1B
2165,BMP2,ACVR2B_BMPR1B
2166,BMP2,BMPR1B_BMPR2
2167,BMP2,ACVR2A_BMPR1A
2168,BMP2,ACVR2B_BMPR1A
2169,BMP2,BMPR1A_BMPR2
2170,BMP2,GPC1
2171,BMP2,ACVR1
2172,BMP2,SMO
2173,BMP4,ACVR2A_BMPR1B
2174,BMP4,ACVR2B_BMPR1B
2175,BMP4,BMPR1B_BMPR2
2176,BMP4,ACVR2A_BMPR1A
2177,BMP4,ACVR2B_BMPR1A
2178,BMP4,BMPR1A_BMPR2
2179,BMP4,LRP6
2180,BMP3,ACVR1B_ACVR2A
2181,BMP3,BMPR1B
2182,BMP3,BMPR1A
2183,BMP3,ACVR2B
2184,BMP3,BMPR2
2185,MLN,MLNR
2186,IL7,IL2RG_IL7R
2187,CCL4,CCR1
2188,CCL4,CNR2
2189,CCL4,CCR3
2190,CCL4,CCR5
2191,CCL4,CCR8
2192,CCL4,GPR152
2193,CCL4,GPRC5D
2194,BMP1,BMPR1B
2195,BMP1,BMPR1A
2196,BMP1,BMPR2
2197,CCL2,CCR1
2198,CCL2,CCR2
2199,CCL2,CCR10
2200,CCL2,CCR3
2201,CCL2,CCR4
2202,CCL2,CCR5
2203,CCL2,ACKR1
2204,CCL2,ACKR4
2205,CCL5,CCRL2
2206,CCL5,GPR75
2207,CCL5,ADRA2A
2208,CCL5,SDC1
2209,CCL5,CCR1
2210,CCL5,MTNR1A
2211,CCL5,CXCR3
2212,CCL5,CCR3
2213,CCL5,CCR4
2214,CCL5,CCR5
2215,CCL5,GRM7
2216,CCL5,ACKR1
2217,CCL5,ACKR4
2218,VCAN,TLR2
2219,VCAN,EGFR
2220,VCAN,ITGB1
2221,VCAN,ITGA4
2222,VCAN,SELL
2223,VCAN,CD44
2224,VCAN,SELP
2225,VCAN,TLR1
2226,OSM,IL6ST_LIFR
2227,OSM,IL6ST_OSMR
2228,COL11A2,ITGA10_ITGB1
2229,COL11A2,ITGA2_ITGB1
2230,COL11A2,ITGA1_ITGB1
2231,COL11A2,ITGA11_ITGB1
2232,CD59,CD2
2233,EDN3,EDNRB
2234,EDN3,EDNRA
2235,MIF,CD44_CD74
2236,MIF,CD74_CXCR2
2237,MIF,CD74_CXCR4
2238,MIF,EGFR
2239,MIF,ACKR3
2240,MIF,TNFRSF14
2241,MIF,TNFRSF10D
2242,HGF,NRP1
2243,HGF,ITGB1
2244,HGF,MET
2245,HGF,CD44
2246,HGF,SDC1
2247,HGF,SDC2
2248,NID1,ITGB3
2249,NID1,ITGB1
2250,NID1,ITGAV
2251,NID1,PTPRF
2252,NID1,ITGA3
2253,LIF,IL6ST_LIFR
2254,IL9,IL2RG_IL9R
2255,AREG,EGFR_ERBB2
2256,AREG,ERBB3
2257,VEGFA,FLT1_KDR
2258,VEGFA,NRP1
2259,VEGFA,NRP2
2260,VEGFA,EGFR
2261,VEGFA,ITGB3
2262,VEGFA,ITGB1
2263,VEGFA,ITGAV
2264,VEGFA,RET
2265,VEGFA,EPHB2
2266,VEGFA,GPC1
2267,VEGFA,SIRPA
2268,VEGFA,TYRO3
2269,VEGFA,ITGA9
2270,MUC1,SIGLEC9
2271,CCL3L1,CCR1
2272,CCL3L1,CCR3
2273,CCL3L1,CCR5
2274,NPPB,NPR1
2275,NPPB,NPR3
2276,NPPB,NPR2
2277,LGALS3,LAG3
2278,BMP7,ACVR2A_BMPR1B
2279,BMP7,ACVR2B_BMPR1B
2280,BMP7,BMPR1B_BMPR2
2281,BMP7,ACVR2A_BMPR1A
2282,BMP7,ACVR1_ACVR2A
2283,BMP7,ACVR2B_BMPR1A
2284,BMP7,BMPR1A_BMPR2
2285,BMP7,ACVR1_ACVR2B
2286,BMP7,ACVR1_BMPR2
2287,BMP7,PTPRK
2288,ADCYAP1,RAMP2
2289,ADCYAP1,RAMP3
2290,ADCYAP1,ADRB2
2291,ADCYAP1,ADRB3
2292,ADCYAP1,TSHR
2293,ADCYAP1,VIPR1
2294,ADCYAP1,ADCYAP1R1
2295,ADCYAP1,VIPR2
2296,ADCYAP1,SCTR
2297,ADCYAP1,PTH1R
2298,ADCYAP1,GPR20
2299,ADCYAP1,GPR84
2300,IL1RN,IL1RL2
2301,CXCL2,ADRA2A
2302,CXCL2,CXCR1
2303,CXCL2,CXCR2
2304,CXCL2,XCR1
2305,CXCL2,MTNR1A
2306,CXCL2,GRM7
2307,CXCL2,ACKR1
2308,CXCL3,ADRA2A
2309,CXCL3,CXCR1
2310,CXCL3,CXCR2
2311,CXCL3,MTNR1A
2312,CXCL3,GRM7
2313,CXCL3,ACKR1
2314,FST,BMPR1B
2315,FST,BMPR2
2316,TCN1,CD320
2317,TAC1,TACR2
2318,PMCH,ADRA2A
2319,PMCH,MTNR1A
2320,PMCH,MERTK
2321,PMCH,GRM7
2322,PMCH,MCHR2
2323,PMCH,MCHR1
2324,TRH,TRHR
2325,NTF3,NTRK1
2326,NTF3,NGFR
2327,NTF3,NTRK3
2328,NTF3,NTRK2
2329,EDN2,EDNRB
2330,EDN2,EDNRA
2331,IL11,IL11RA_IL6ST
2332,PTN,ITGAV_ITGB3
2333,PTN,PLXNB2
2334,PTN,SDC3
2335,PTN,SDC1
2336,PTN,PTPRB
2337,PTN,PTPRZ1
2338,PTN,SDC2
2339,PTN,PTPRS
2340,PTN,ALK
2341,MDK,ITGA4_ITGB1
2342,MDK,ITGA6_ITGB1
2343,MDK,TSPAN1
2344,MDK,SDC3
2345,MDK,SDC1
2346,MDK,PTPRZ1
2347,MDK,SDC2
2348,MDK,LRP2
2349,MDK,NOTCH2
2350,MDK,LRP1
2351,MDK,ALK
2352,ZP3,EGFR
2353,ZP3,MERTK
2354,FGF7,NRP1
2355,FGF7,FGFR1
2356,FGF7,FGFR2
2357,FGF7,FGFR4
2358,FGF7,FGFR3
2359,BMP5,ACVR2A_BMPR1B
2360,BMP5,ACVR2B_BMPR1B
2361,BMP5,BMPR1B_BMPR2
2362,BMP5,ACVR2A_BMPR1A
2363,BMP5,ACVR1_ACVR2A
2364,BMP5,ACVR2B_BMPR1A
2365,BMP5,BMPR1A_BMPR2
2366,BMP5,ACVR1_ACVR2B
2367,BMP5,ACVR1_BMPR2
2368,BMP6,ACVR2A_BMPR1B
2369,BMP6,ACVR2B_BMPR1B
2370,BMP6,BMPR1B_BMPR2
2371,BMP6,ACVR2A_BMPR1A
2372,BMP6,ACVR1_ACVR2A
2373,BMP6,ACVR2B_BMPR1A
2374,BMP6,BMPR1A_BMPR2
2375,BMP6,ACVR1_ACVR2B
2376,BMP6,ACVR1_BMPR2
2377,IL10,IL10RA_IL10RB
2378,CCL1,CCR8
2379,CCL1,ACKR1
2380,CCL1,ACKR4
2381,FGFR4,TNFRSF10A
2382,FGFR4,EPHA4
2383,FGFR4,PTPRR
2384,GAL,GALR2
2385,GAL,GALR3
2386,GAL,ADRA2A
2387,GAL,HLA-DPA1
2388,GAL,GALR1
2389,GAL,MTNR1A
2390,GAL,GRM7
2391,GAL,GPR151
2392,FGFR3,EPHA4
2393,FBLN1,ITGB1
2394,ANOS1,FGFR1
2395,ANOS1,SDC2
2396,BDNF,NGFR
2397,BDNF,DRD4
2398,BDNF,NTRK2
2399,BDNF,GPR152
2400,NPPC,NPR1
2401,NPPC,NPR3
2402,NPPC,NPR2
2403,IL32,ITGB3
2404,COL8A2,ITGA10_ITGB1
2405,COL8A2,ITGA2_ITGB1
2406,COL8A2,ITGA1_ITGB1
2407,COL8A2,ITGA11_ITGB1
2408,AZGP1,ITGAV
2409,S100A4,EGFR
2410,S100A4,ERBB2
2411,S100A4,CCR5
2412,MST1,MST1R
2413,GDF1,ACVR1B_ACVR2A_CFC1
2414,GDF1,ACVR1C_ACVR2A_CFC1
2415,GDF1,ACVR1B_ACVR2B_CFC1
2416,GDF1,ACVR1B_ACVR2A
2417,GDF1,ACVR1C_ACVR2A
2418,GDF1,ACVR1B_ACVR2B
2419,GDF1,ACVR1C_ACVR2B
2420,GDF1,BMPR1A
2421,GDF1,ACVR1
2422,GDF1,HTR4
2423,GDF1,BMPR2
2424,CALR,ITGAV
2425,CALR,ITGA2B
2426,CALR,TSHR
2427,CALR,ITGA3
2428,CALR,MPL
2429,CALR,MTNR1A
2430,CALR,LRP1
2431,CALR,SCARF1
2432,CFP,NCR1
2433,GRN,EGFR
2434,GRN,NTRK1
2435,GRN,TNFRSF1A
2436,GRN,TNFRSF1B
2437,GRN,CLEC4M
2438,CCN2,LRP6
2439,CCN2,EGFR
2440,CCN2,NTRK1
2441,CCN2,ITGB2
2442,CCN2,ITGA5
2443,CCN2,ITGAM
2444,CCN2,IGF2R
2445,CCN2,FGFR2
2446,CCN2,LRP1
2447,CCN2,ERBB4
2448,IL12A,CD28
2449,NTS,NTSR2
2450,NTS,NGFR
2451,NTS,NTSR1
2452,FGF9,FGFR1
2453,FGF9,FGFR2
2454,FGF9,FGFR4
2455,FGF9,FGFR3
2456,IFNA8,IFNAR1_IFNAR2
2457,IFNA8,GPR152
2458,NTF4,NTRK1
2459,NTF4,NGFR
2460,NTF4,NTRK2
2461,BMP8B,ACVR2A_BMPR1B
2462,BMP8B,ACVR2B_BMPR1B
2463,BMP8B,BMPR1B_BMPR2
2464,BMP8B,ACVR2A_BMPR1A
2465,BMP8B,ACVR1_ACVR2A
2466,BMP8B,ACVR2B_BMPR1A
2467,BMP8B,BMPR1A_BMPR2
2468,BMP8B,ACVR1_ACVR2B
2469,BMP8B,ACVR1_BMPR2
2470,BMP8B,PLAUR
2471,PRSS3,F2RL2
2472,PRSS3,F2R
2473,PRSS3,F2RL1
2474,PRSS3,PARD3
2475,PRSS3,F2RL3
2476,IL13,IL13_IL13RA1_IL4R
2477,IL13,IL13RA1_IL4R
2478,IL13,IL13RA2_IL4R
2479,IL13,IL2RG
2480,IL13,TMEM219
2481,SFTPD,TLR4
2482,SFTPD,SIRPA
2483,SFTPD,LAIR1
2484,ADM,GPR182
2485,ADM,RAMP1
2486,ADM,RAMP2
2487,ADM,RAMP3
2488,ADM,ADRB2
2489,ADM,ADRB3
2490,ADM,TSHR
2491,ADM,VIPR1
2492,ADM,ADCYAP1R1
2493,ADM,PTH1R
2494,ADM,CALCRL
2495,ADM,MRGPRX2
2496,ADM,GPR20
2497,ADM,GPR84
2498,SERPINF1,PLXDC2
2499,SNCA,LAG3
2500,COL15A1,ITGA10_ITGB1
2501,COL15A1,ITGA2_ITGB1
2502,COL15A1,ITGA1_ITGB1
2503,COL15A1,ITGA11_ITGB1
2504,GDNF,GFRA2_RET
2505,GDNF,GFRA1_RET
2506,GDNF,EDNRB
2507,THPO,MPL
2508,IL15,IL15RA_IL2RB_IL2RG
2509,IL15,IL2RA
2510,LEP,LEPR
2511,LEP,LRP2
2512,WNT5A,FZD9
2513,WNT5A,FZD6
2514,WNT5A,FZD7
2515,WNT5A,LRP5
2516,WNT5A,LRP6
2517,WNT5A,LDLR
2518,WNT5A,ADRB2
2519,WNT5A,RYK
2520,WNT5A,MCAM
2521,WNT5A,LRP2
2522,WNT5A,ROR1
2523,WNT5A,ROR2
2524,WNT5A,PTK7
2525,WNT5A,FZD5
2526,WNT5A,FZD2
2527,WNT5A,PTPRK
2528,WNT5A,EPHA7
2529,WNT5A,FZD8
2530,WNT5A,ANTXR1
2531,WNT5A,FZD3
2532,WNT5A,FZD4
2533,WNT5A,FZD10
2534,CXCL5,ADRA2A
2535,CXCL5,CXCR1
2536,CXCL5,CXCR2
2537,CXCL5,MTNR1A
2538,CXCL5,GRM7
2539,CXCL5,ACKR1
2540,XCL1,XCR1
2541,XCL1,ADGRV1
2542,CXCL12,CD4
2543,CXCL12,ITGB3
2544,CXCL12,ITGB1
2545,CXCL12,ITGAV
2546,CXCL12,ITGA5
2547,CXCL12,ADRA2A
2548,CXCL12,ITGA4
2549,CXCL12,ACKR3
2550,CXCL12,AVPR1A
2551,CXCL12,MTNR1A
2552,CXCL12,CXCR3
2553,CXCL12,CCR4
2554,CXCL12,CXCR4
2555,CXCL12,GRM7
2556,NMU,ADRA2A
2557,NMU,MTNR1A
2558,NMU,GRM7
2559,NMU,NMUR2
2560,NMU,NMUR1
2561,CCN3,NOTCH1
2562,CCN3,PLXNA1
2563,PGF,FLT1_KDR
2564,PGF,NRP1
2565,PGF,NRP2
2566,VEGFB,FLT1_KDR
2567,VEGFB,NRP1
2568,VEGFB,ADRB2
2569,VEGFB,RET
2570,VEGFC,FLT4_KDR
2571,VEGFC,NRP2
2572,VEGFC,ITGB1
2573,VEGFC,FLT1
2574,VEGFC,VIPR2
2575,VEGFC,ITGA9
2576,VEGFC,LYVE1
2577,INSL3,RAMP2
2578,INSL3,RAMP3
2579,INSL3,ADRB2
2580,INSL3,ADRB3
2581,INSL3,TSHR
2582,INSL3,VIPR1
2583,INSL3,ADCYAP1R1
2584,INSL3,PTH1R
2585,INSL3,RXFP4
2586,INSL3,RXFP2
2587,INSL3,GPR20
2588,INSL3,RXFP1
2589,INSL3,GPR84
2590,INSL3,RXFP3
2591,CCL11,CCR2
2592,CCL11,CXCR3
2593,CCL11,CCR3
2594,CCL11,CCR5
2595,CCL11,ACKR1
2596,CCL11,ACKR4
2597,LUM,ITGB1
2598,COPA,CD74
2599,COPA,NTRK1
2600,COPA,MTNR1B
2601,COPA,P2RY6
2602,SLURP1,CHRNA3
2603,MFAP2,NOTCH1
2604,APOC4,VLDLR
2605,FGF8,FGFR1
2606,FGF8,FGFR2
2607,FGF8,FGFR4
2608,FGF8,FGFR3
2609,FGF8,FGFRL1
2610,UCN,CRHR1
2611,UCN,CRHR2
2612,INHBC,ACVR1B_ACVR2A
2613,INHBC,ACVR1C_ACVR2A
2614,INHBC,ACVR1B_ACVR2B
2615,INHBC,ACVR1C_ACVR2B
2616,INHBC,ACVR1
2617,GDF10,ACVR1B_ACVR2A
2618,GDF10,ACVR1B_ACVR2B
2619,CCL23,FPR2
2620,CCL23,CCR1
2621,CCL18,CCR1
2622,CCL18,CCR3
2623,CCL18,CCR8
2624,CCL18,ACKR1
2625,WNT3,FZD9_LRP5
2626,WNT3,FZD9_LRP6
2627,WNT3,FZD6_LRP5
2628,WNT3,FZD6_LRP6
2629,WNT3,FZD7_LRP5
2630,WNT3,FZD7_LRP6
2631,WNT3,FZD5_LRP5
2632,WNT3,FZD2_LRP5
2633,WNT3,FZD8_LRP5
2634,WNT3,FZD3_LRP5
2635,WNT3,FZD4_LRP5
2636,WNT3,FZD10_LRP5
2637,WNT3,FZD1_LRP5
2638,WNT3,FZD5_LRP6
2639,WNT3,FZD2_LRP6
2640,WNT3,FZD8_LRP6
2641,WNT3,FZD3_LRP6
2642,WNT3,FZD4_LRP6
2643,WNT3,FZD10_LRP6
2644,WNT3,FZD1_LRP6
2645,WNT3,RYK
2646,WNT3,ROR2
2647,WNT3A,FZD9_LRP5
2648,WNT3A,FZD9_LRP6
2649,WNT3A,FZD6_LRP5
2650,WNT3A,FZD6_LRP6
2651,WNT3A,FZD7_LRP5
2652,WNT3A,FZD7_LRP6
2653,WNT3A,FZD5_LRP5
2654,WNT3A,FZD2_LRP5
2655,WNT3A,FZD8_LRP5
2656,WNT3A,FZD3_LRP5
2657,WNT3A,FZD4_LRP5
2658,WNT3A,FZD10_LRP5
2659,WNT3A,FZD1_LRP5
2660,WNT3A,FZD5_LRP6
2661,WNT3A,FZD2_LRP6
2662,WNT3A,FZD8_LRP6
2663,WNT3A,FZD3_LRP6
2664,WNT3A,FZD4_LRP6
2665,WNT3A,FZD10_LRP6
2666,WNT3A,FZD1_LRP6
2667,WNT3A,LGR5
2668,WNT3A,ATP6AP2
2669,WNT3A,RYK
2670,WNT3A,ROR1
2671,WNT3A,LRP1
2672,WNT3A,APCDD1
2673,WNT4,FZD9_LRP5
2674,WNT4,FZD9_LRP6
2675,WNT4,FZD6_LRP5
2676,WNT4,FZD6_LRP6
2677,WNT4,FZD7_LRP5
2678,WNT4,FZD7_LRP6
2679,WNT4,FZD5_LRP5
2680,WNT4,FZD2_LRP5
2681,WNT4,FZD8_LRP5
2682,WNT4,FZD3_LRP5
2683,WNT4,FZD4_LRP5
2684,WNT4,FZD10_LRP5
2685,WNT4,FZD1_LRP5
2686,WNT4,FZD5_LRP6
2687,WNT4,FZD2_LRP6
2688,WNT4,FZD8_LRP6
2689,WNT4,FZD3_LRP6
2690,WNT4,FZD4_LRP6
2691,WNT4,FZD10_LRP6
2692,WNT4,FZD1_LRP6
2693,WNT4,NOTCH1
2694,WNT4,SMO
2695,WNT7B,FZD9_LRP5
2696,WNT7B,FZD9_LRP6
2697,WNT7B,FZD6_LRP5
2698,WNT7B,FZD6_LRP6
2699,WNT7B,FZD7_LRP5
2700,WNT7B,FZD7_LRP6
2701,WNT7B,FZD5_LRP5
2702,WNT7B,FZD2_LRP5
2703,WNT7B,FZD8_LRP5
2704,WNT7B,FZD3_LRP5
2705,WNT7B,FZD4_LRP5
2706,WNT7B,FZD10_LRP5
2707,WNT7B,FZD1_LRP5
2708,WNT7B,FZD5_LRP6
2709,WNT7B,FZD2_LRP6
2710,WNT7B,FZD8_LRP6
2711,WNT7B,FZD3_LRP6
2712,WNT7B,FZD4_LRP6
2713,WNT7B,FZD10_LRP6
2714,WNT7B,FZD1_LRP6
2715,INHBE,ACVR1B_ACVR2A
2716,INHBE,ACVR1C_ACVR2A
2717,INHBE,ACVR1B_ACVR2B
2718,INHBE,ACVR1C_ACVR2B
2719,PROK1,PROKR2
2720,PROK1,PROKR1
2721,NXPH1,NRXN1
2722,NXPH1,NRXN3
2723,NXPH1,NRXN2
2724,FAM3B,LRP5
2725,DEFB1,CCR6
2726,IL2,IL2RA_IL2RB_IL2RG
2727,IL2,IL2RB_IL2RG
2728,IL2,IL20RA_IL20RB_IL2RG
2729,IL2,NGFR
2730,IL2,CD53
2731,SST,ADRA2A
2732,SST,SSTR1
2733,SST,SSTR2
2734,SST,SSTR4
2735,SST,SSTR3
2736,SST,SSTR5
2737,SST,MTNR1A
2738,SST,GRM7
2739,OSTN,NPR3
2740,TGFB2,ACVR1B_TGFBR2
2741,TGFB2,TGFBR1_TGFBR2
2742,TGFB2,ACVR1_TGFBR1_TGFBR2
2743,TGFB2,ACVR1_TGFBR2
2744,TGFB2,ACVR1C_TGFBR2
2745,TGFB2,TGFBR3
2746,YBX1,NOTCH1
2747,CX3CL1,ITGB3
2748,CX3CL1,ITGAV
2749,CX3CL1,CX3CR1
2750,CCL20,ADRA2A
2751,CCL20,MTNR1A
2752,CCL20,CXCR3
2753,CCL20,CCR6
2754,CCL20,GRM7
2755,CCL20,ACKR4
2756,CCL8,CCR1
2757,CCL8,CCR2
2758,CCL8,CCR3
2759,CCL8,CCR5
2760,CCL8,ACKR1
2761,CCL8,ACKR4
2762,CCL7,CCR1
2763,CCL7,CCR2
2764,CCL7,CCR10
2765,CCL7,CXCR3
2766,CCL7,CCR3
2767,CCL7,CCR5
2768,CCL7,ACKR1
2769,CCL7,ACKR4
2770,CXCL6,ADRA2A
2771,CXCL6,CXCR1
2772,CXCL6,CXCR2
2773,CXCL6,MTNR1A
2774,CXCL6,GRM7
2775,CXCL6,ACKR1
2776,S100A12,TLR4
2777,S100A12,CD36
2778,PRLH,PRLHR
2779,DEFB103A,CCR2
2780,DEFB103A,CCR6
2781,QRFP,P2RY14
2782,QRFP,QRFPR
2783,FBLN2,ITGB3
2784,NDP,LGR4
2785,NDP,FZD4
2786,GUCA2A,GUCY2C
2787,TFF2,CXCR4
2788,COL10A1,ITGA10_ITGB1
2789,COL10A1,ITGA2_ITGB1
2790,COL10A1,ITGA1_ITGB1
2791,COL10A1,ITGA11_ITGB1
2792,COL16A1,ITGA10_ITGB1
2793,COL16A1,ITGA2_ITGB1
2794,COL16A1,ITGA1_ITGB1
2795,COL16A1,ITGA11_ITGB1
2796,CXCL9,ADRA2A
2797,CXCL9,FCGR2A
2798,CXCL9,KIR2DL3
2799,CXCL9,MTNR1A
2800,CXCL9,CXCR3
2801,CXCL9,CCR3
2802,CXCL9,GRM7
2803,CXCL9,ACKR1
2804,TFF3,ACKR3
2805,TFF3,CXCR4
2806,LGALS3BP,ITGB1
2807,LGALS3BP,CD33
2808,MFGE8,ITGB3
2809,MFGE8,ITGAV
2810,MFGE8,PDGFRB
2811,FGL1,EGFR
2812,FGL1,LAG3
2813,EFEMP1,EGFR
2814,AIMP1,NTRK1
2815,IL24,IL20RB_IL22RA1
2816,IL24,IL20RA_IL20RB
2817,IL24,NOTCH2
2818,IL24,IL10RB
2819,SEMA3B,NRP1_PLXNA2
2820,SEMA3B,NRP1_PLXNA3
2821,SEMA3B,NRP1_PLXNA4
2822,SEMA3B,NRP1_PLXNA1
2823,SEMA3B,NRP2_PLXNA2
2824,SEMA3B,NRP2_PLXNA3
2825,SEMA3B,NRP2_PLXNA4
2826,SEMA3B,NRP2_PLXNA1
2827,IL15RA,AXL
2828,SEMA3F,NRP2_PLXNA2
2829,SEMA3F,NRP2_PLXNA3
2830,SEMA3F,NRP2_PLXNA4
2831,SEMA3F,NRP2_PLXNA1
2832,SEMA3F,NRP1
2833,PNOC,ADRA2A
2834,PNOC,OPRL1
2835,PNOC,MTNR1A
2836,PNOC,GRM7
2837,IL16,CD4
2838,IL16,CCR5
2839,IL18,IL18R1_IL18RAP
2840,IL18,IL18_IL18R1_IL18RAP
2841,IL18,IL1RL2
2842,IL18,IL1RAPL1
2843,GAS6,AXL
2844,GAS6,TYRO3
2845,GAS6,MERTK
2846,CSHL1,GHR
2847,CSHL1,PRLR
2848,SEMA3A,NRP1_PLXNA2
2849,SEMA3A,NRP1_PLXNA3
2850,SEMA3A,NRP1_PLXNA4
2851,SEMA3A,NRP1_PLXNA1
2852,SEMA3A,NRP2
2853,IHH,PTCH1_SMO
2854,IHH,PTCH2_SMO
2855,IHH,CDON
2856,IHH,BOC
2857,COL19A1,ITGA10_ITGB1
2858,COL19A1,ITGA2_ITGB1
2859,COL19A1,ITGA1_ITGB1
2860,COL19A1,ITGA11_ITGB1
2861,POSTN,ITGAV_ITGB3
2862,POSTN,ITGAV_ITGB5
2863,POSTN,PTK7
2864,ANGPT1,ITGB1
2865,ANGPT1,ITGA5
2866,ANGPT1,TIE1
2867,ANGPT1,TEK
2868,SHH,PTCH1_SMO
2869,SHH,PTCH2_SMO
2870,SHH,GPC1
2871,SHH,GPC5
2872,SHH,LRP2
2873,SHH,CDON
2874,SHH,BOC
2875,FCN2,LRP1
2876,KISS1,KISS1R
2877,ADIPOQ,GPR42
2878,ADIPOQ,ASGR2
2879,ADIPOQ,CNR2
2880,ADIPOQ,ADIPOR2
2881,ADIPOQ,PROKR2
2882,ADIPOQ,GPR152
2883,ADIPOQ,ADIPOR1
2884,ADIPOQ,CLEC2D
2885,ECM1,ITGB4
2886,CTF1,IL6ST_LIFR
2887,CCL14,CCR1
2888,CCL14,CCR3
2889,CCL14,CCR5
2890,CCL14,ACKR1
2891,GUCA2B,GUCY2C
2892,CCL15,CCR1
2893,CCL15,CCR3
2894,MIA,CDH7
2895,COL24A1,ITGA10_ITGB1
2896,COL24A1,ITGA2_ITGB1
2897,COL24A1,ITGA1_ITGB1
2898,COL24A1,ITGA11_ITGB1
2899,MSMP,CCR2
2900,RSPO4,LGR5_LRP5
2901,RSPO4,LGR4_LRP5
2902,RSPO4,LGR5_LRP6
2903,RSPO4,LGR4_LRP6
2904,RSPO4,LGR6
2905,RSPO1,LGR5
2906,RSPO1,LRP6
2907,RSPO1,LGR4
2908,RSPO1,FZD8
2909,RSPO1,LGR6
2910,COL28A1,ITGA10_ITGB1
2911,COL28A1,ITGA2_ITGB1
2912,COL28A1,ITGA1_ITGB1
2913,COL28A1,ITGA11_ITGB1
2914,ERFE,LRP1
2915,NMS,ADRA2A
2916,NMS,MTNR1A
2917,NMS,GRM7
2918,NMS,NMUR2
2919,NMS,NMUR1
2920,SIRPB2,CD47
2921,ARTN,GFRA3_RET
2922,ARTN,GFRA1_RET
2923,ARTN,GFRA2
2924,IL31,IL31RA_OSMR
2925,GDF6,ACVR2A_BMPR1B
2926,GDF6,ACVR2B_BMPR1B
2927,GDF6,BMPR1B_BMPR2
2928,GDF6,ACVR2A_BMPR1A
2929,GDF6,ACVR2B_BMPR1A
2930,GDF6,BMPR1A_BMPR2
2931,IGFL1,IGFLR1
2932,IGFL2,IGFLR1
2933,ENHO,GPR19
2934,VSTM1,LAMP1
2935,VSTM1,ADGRG3
2936,ALKAL2,LTK
2937,ALKAL2,ALK
2938,IGFL3,IGFLR1
2939,CXCL17,GPR35
2940,ALKAL1,LTK
2941,ALKAL1,ALK
2942,RSPO2,LGR5
2943,RSPO2,RNF43
2944,RSPO2,LGR4
2945,RSPO2,LGR6
2946,SOSTDC1,LRP4
2947,SOSTDC1,LRP5
2948,SOSTDC1,LRP6
2949,IL34,PTPRZ1
2950,UTS2B,SSTR5
2951,UTS2B,UTS2R
2952,ADM2,RAMP1
2953,ADM2,RAMP2
2954,ADM2,RAMP3
2955,ADM2,ADRB2
2956,ADM2,ADRB3
2957,ADM2,TSHR
2958,ADM2,VIPR1
2959,ADM2,ADCYAP1R1
2960,ADM2,PTH1R
2961,ADM2,CALCRL
2962,ADM2,GPR20
2963,ADM2,GPR84
2964,GDF7,ACVR2A_BMPR1B
2965,GDF7,ACVR2B_BMPR1B
2966,GDF7,BMPR1B_BMPR2
2967,GDF7,ACVR2A_BMPR1A
2968,GDF7,ACVR2B_BMPR1A
2969,GDF7,BMPR1A_BMPR2
2970,BMP8A,ACVR2A_BMPR1B
2971,BMP8A,ACVR2B_BMPR1B
2972,BMP8A,BMPR1B_BMPR2
2973,BMP8A,ACVR2A_BMPR1A
2974,BMP8A,ACVR1_ACVR2A
2975,BMP8A,ACVR2B_BMPR1A
2976,BMP8A,BMPR1A_BMPR2
2977,BMP8A,ACVR1_ACVR2B
2978,BMP8A,ACVR1_BMPR2
2979,BMP8A,TGFBR1
2980,BMP8A,TGFBR2
2981,TAC4,TACR2
2982,IFNE,IFNAR1_IFNAR2
2983,IFNE,ADGRV1
2984,GPHB5,TSHR
2985,IFNL1,IFNLR1_IL10RB
2986,SFTPA1,TLR2
2987,COL27A1,ITGA10_ITGB1
2988,COL27A1,ITGA2_ITGB1
2989,COL27A1,ITGA1_ITGB1
2990,COL27A1,ITGA11_ITGB1
2991,IFNL3,IFNLR1_IL10RB
2992,IFNL3,IFNL3_IFNLR1_IL10RB
2993,IFNL2,IFNLR1_IL10RB
2994,LGI2,ADAM23
2995,DEFB106B,CCR2
2996,LGI4,ADAM23
2997,LGI3,ADAM23
2998,NPW,ADRA2A
2999,NPW,MTNR1A
3000,NPW,NPBWR1
3001,NPW,NPBWR2
3002,NPW,GRM7
3003,FNDC5,ITGAV
3004,FNDC5,ITGB5
3005,DRAXIN,DCC
3006,PCSK9,LDLR
3007,PCSK9,VLDLR
3008,PCSK9,APLP2
3009,PCSK9,LRP1
3010,COL22A1,ITGA10_ITGB1
3011,COL22A1,ITGA2_ITGB1
3012,COL22A1,ITGA1_ITGB1
3013,COL22A1,ITGA11_ITGB1
3014,NPB,ADRA2A
3015,NPB,MTNR1A
3016,NPB,NPBWR1
3017,NPB,NPBWR2
3018,NPB,GRM7
3019,CCL4L1,GPR42
3020,CCL4L1,FFAR2
3021,CCL4L1,CCR1
3022,CCL4L1,CCR3
3023,CCL4L1,CCR5
3024,CCL4L1,GPR152
3025,CCL4L1,GPR151
3026,CCL4L1,GPR101
3027,CCL4L1,VSIR
3028,IL1F10,IL1RAP_IL1RL2
3029,IL1F10,IL1R1
3030,IL1F10,SIGIRR
3031,IL1F10,IL1RAPL2
3032,IL1F10,IL1RAPL1
3033,RLN3,RAMP2
3034,RLN3,RAMP3
3035,RLN3,ADRB2
3036,RLN3,ADRA2A
3037,RLN3,ADRB3
3038,RLN3,TSHR
3039,RLN3,VIPR1
3040,RLN3,ADCYAP1R1
3041,RLN3,MTNR1A
3042,RLN3,PTH1R
3043,RLN3,GRM7
3044,RLN3,RXFP4
3045,RLN3,RXFP2
3046,RLN3,GPR20
3047,RLN3,RXFP1
3048,RLN3,GPR84
3049,RLN3,RXFP3
3050,FAM3C,GPR42
3051,FAM3C,FFAR2
3052,FAM3C,LAMP1
3053,FAM3C,LIFR
3054,FAM3C,KIR2DL3
3055,FAM3C,PDCD1
3056,FAM3C,ADGRG5
3057,FAM3C,CLEC2D
3058,CCL17,CCR4
3059,CCL17,CCR8
3060,CCL17,ACKR1
3061,FGF13,EGFR
3062,FGF13,FGFR1
3063,FGF13,FGFR2
3064,FGF13,FGFR4
3065,FGF13,FGFR3
3066,PRG4,TLR4
3067,PRG4,TLR2
3068,PRG4,CD44
3069,WNT2B,FZD9_LRP5
3070,WNT2B,FZD9_LRP6
3071,WNT2B,FZD6_LRP5
3072,WNT2B,FZD6_LRP6
3073,WNT2B,FZD7_LRP5
3074,WNT2B,FZD7_LRP6
3075,WNT2B,FZD5_LRP5
3076,WNT2B,FZD2_LRP5
3077,WNT2B,FZD8_LRP5
3078,WNT2B,FZD3_LRP5
3079,WNT2B,FZD4_LRP5
3080,WNT2B,FZD10_LRP5
3081,WNT2B,FZD1_LRP5
3082,WNT2B,FZD5_LRP6
3083,WNT2B,FZD2_LRP6
3084,WNT2B,FZD8_LRP6
3085,WNT2B,FZD3_LRP6
3086,WNT2B,FZD4_LRP6
3087,WNT2B,FZD10_LRP6
3088,WNT2B,FZD1_LRP6
3089,WNT8B,FZD9_LRP5
3090,WNT8B,FZD9_LRP6
3091,WNT8B,FZD6_LRP5
3092,WNT8B,FZD6_LRP6
3093,WNT8B,FZD7_LRP5
3094,WNT8B,FZD7_LRP6
3095,WNT8B,FZD5_LRP5
3096,WNT8B,FZD2_LRP5
3097,WNT8B,FZD8_LRP5
3098,WNT8B,FZD3_LRP5
3099,WNT8B,FZD4_LRP5
3100,WNT8B,FZD10_LRP5
3101,WNT8B,FZD1_LRP5
3102,WNT8B,FZD5_LRP6
3103,WNT8B,FZD2_LRP6
3104,WNT8B,FZD8_LRP6
3105,WNT8B,FZD3_LRP6
3106,WNT8B,FZD4_LRP6
3107,WNT8B,FZD10_LRP6
3108,WNT8B,FZD1_LRP6
3109,TSLP,CRLF2_IL7R_TSLP
3110,TSLP,CRLF2_IL7R
3111,LEAP2,GHSR
3112,UCN3,CRHR1
3113,UCN3,IL10RB
3114,UCN3,CRHR2
3115,COL26A1,ITGA10_ITGB1
3116,COL26A1,ITGA2_ITGB1
3117,COL26A1,ITGA1_ITGB1
3118,COL26A1,ITGA11_ITGB1
3119,PTH2,RAMP2
3120,PTH2,RAMP3
3121,PTH2,ADRB2
3122,PTH2,ADRB3
3123,PTH2,TSHR
3124,PTH2,VIPR1
3125,PTH2,ADCYAP1R1
3126,PTH2,PTH2R
3127,PTH2,PTH1R
3128,PTH2,GPR20
3129,PTH2,GPR84
3130,RGMA,BMPR1B
3131,RGMA,BMPR2
3132,RGMA,NEO1
3133,RGMA,TFR2
3134,FAM3D,FPR1
3135,FAM3D,FPR2
3136,BCAN,EGFR
3137,BCAN,NRCAM
3138,SFRP2,FZD5
3139,LRIG1,EGFR
3140,LRIG1,MET
3141,TAFA4,FPR1
3142,COL21A1,ITGA10_ITGB1
3143,COL21A1,ITGA2_ITGB1
3144,COL21A1,ITGA1_ITGB1
3145,COL21A1,ITGA11_ITGB1
3146,SCGB3A1,NOTCH3
3147,UCN2,CRHR1
3148,UCN2,IL10RB
3149,UCN2,CRHR2
3150,NODAL,ACVR1B_ACVR2A_CFC1
3151,NODAL,ACVR1C_ACVR2A_CFC1
3152,NODAL,ACVR1B_ACVR2B_CFC1
3153,NODAL,ACVR1B_ACVR2B_TDGF1
3154,NODAL,ACVR1B_ACVR2A
3155,NODAL,ACVR1C_ACVR2A
3156,NODAL,ACVR1B_ACVR2B
3157,NODAL,ACVR1C_ACVR2B
3158,GPHA2,TSHR
3159,GPHA2,ADGRV1
3160,GPHA2,EPHA6
3161,HBEGF,EGFR_ERBB2
3162,HBEGF,ERBB2_ERBB4
3163,HBEGF,CD44
3164,HBEGF,PRLR
3165,AMELX,CD63
3166,AMELX,LAMP1
3167,AMELX,LAMP2
3168,AMELY,CD63
3169,AMELY,LAMP1
3170,AMELY,LAMP2
3171,NELL2,ROBO3
3172,CCL13,CCR1
3173,CCL13,CCR2
3174,CCL13,CXCR3
3175,CCL13,CCR3
3176,CCL13,CCR5
3177,CCL13,CCR9
3178,CCL13,ACKR1
3179,CCL13,ACKR4
3180,COL12A1,ITGA10_ITGB1
3181,COL12A1,ITGA2_ITGB1
3182,COL12A1,ITGA1_ITGB1
3183,COL12A1,ITGA11_ITGB1
3184,CCL19,CCRL2
3185,CCL19,ADRA2A
3186,CCL19,CCR7
3187,CCL19,CCR10
3188,CCL19,MTNR1A
3189,CCL19,CXCR3
3190,CCL19,GRM7
3191,CCL19,ACKR4
3192,NRTN,GFRA2_RET
3193,NRTN,GFRA1_RET
3194,RARRES2,CCRL2
3195,RARRES2,CMKLR1
3196,MYOC,FZD7
3197,MYOC,FZD3
3198,MYOC,FZD4
3199,MYOC,FZD10
3200,SEMA3C,NRP1_NRP2_PLXND1
3201,SEMA3C,NRP1_PLXNA2
3202,SEMA3C,NRP1_PLXNA3
3203,SEMA3C,NRP1_PLXNA4
3204,SEMA3C,NRP1_PLXNA1
3205,SEMA3C,NRP2_PLXNA2
3206,SEMA3C,NRP2_PLXNA3
3207,SEMA3C,NRP2_PLXNA4
3208,SEMA3C,NRP2_PLXNA1
3209,GDF15,RET
3210,GDF15,TGFBR2
3211,GDF15,GFRAL
3212,SOST,LRP4
3213,SOST,LRP5
3214,SOST,LRP6
3215,SPX,GALR2
3216,SPX,GALR3
3217,SPON2,ITGB2
3218,SPON2,ITGB1
3219,SPON2,ITGA5
3220,SPON2,ITGAM
3221,SPON2,ITGA4
3222,C1QTNF1,AVPR2
3223,RSPO3,LGR5
3224,RSPO3,LRP6
3225,RSPO3,LGR4
3226,RSPO3,FZD8
3227,RSPO3,LGR6
3228,ANGPTL4,ITGAV_ITGB3
3229,ANGPTL4,ITGA5_ITGB1
3230,ANGPTL4,SDC3
3231,ANGPTL4,SDC1
3232,ANGPTL4,CDH5
3233,ANGPTL4,SDC2
3234,ANGPTL4,TIE1
3235,ANGPTL4,CDH11
3236,PDGFD,PDGFRA_PDGFRB
3237,WNT10A,FZD9_LRP5
3238,WNT10A,FZD9_LRP6
3239,WNT10A,FZD6_LRP5
3240,WNT10A,FZD6_LRP6
3241,WNT10A,FZD7_LRP5
3242,WNT10A,FZD7_LRP6
3243,WNT10A,FZD5_LRP5
3244,WNT10A,FZD2_LRP5
3245,WNT10A,FZD8_LRP5
3246,WNT10A,FZD3_LRP5
3247,WNT10A,FZD4_LRP5
3248,WNT10A,FZD10_LRP5
3249,WNT10A,FZD1_LRP5
3250,WNT10A,FZD5_LRP6
3251,WNT10A,FZD2_LRP6
3252,WNT10A,FZD8_LRP6
3253,WNT10A,FZD3_LRP6
3254,WNT10A,FZD4_LRP6
3255,WNT10A,FZD10_LRP6
3256,WNT10A,FZD1_LRP6
3257,FGF23,FGFR1
3258,FGF23,FGFR2
3259,FGF23,FGFR4
3260,FGF23,FGFR3
3261,IL22,IL10RB_IL22RA1
3262,IL22,IL20RB_IL22RA1
3263,IL22,IL22_IL22RA1
3264,IL22,IL10RA
3265,IL22,IL22RA2
3266,IL22,IL21R
3267,LACRT,SDC1
3268,WNT8A,FZD9_LRP5
3269,WNT8A,FZD9_LRP6
3270,WNT8A,FZD6_LRP5
3271,WNT8A,FZD6_LRP6
3272,WNT8A,FZD7_LRP5
3273,WNT8A,FZD7_LRP6
3274,WNT8A,FZD5_LRP5
3275,WNT8A,FZD2_LRP5
3276,WNT8A,FZD8_LRP5
3277,WNT8A,FZD3_LRP5
3278,WNT8A,FZD4_LRP5
3279,WNT8A,FZD10_LRP5
3280,WNT8A,FZD1_LRP5
3281,WNT8A,FZD5_LRP6
3282,WNT8A,FZD2_LRP6
3283,WNT8A,FZD8_LRP6
3284,WNT8A,FZD3_LRP6
3285,WNT8A,FZD4_LRP6
3286,WNT8A,FZD10_LRP6
3287,WNT8A,FZD1_LRP6
3288,WNT5B,FZD9_LRP5
3289,WNT5B,FZD9_LRP6
3290,WNT5B,FZD6_LRP5
3291,WNT5B,FZD6_LRP6
3292,WNT5B,FZD7_LRP5
3293,WNT5B,FZD7_LRP6
3294,WNT5B,FZD5_LRP5
3295,WNT5B,FZD2_LRP5
3296,WNT5B,FZD8_LRP5
3297,WNT5B,FZD3_LRP5
3298,WNT5B,FZD10_LRP5
3299,WNT5B,FZD1_LRP5
3300,WNT5B,FZD5_LRP6
3301,WNT5B,FZD2_LRP6
3302,WNT5B,FZD8_LRP6
3303,WNT5B,FZD3_LRP6
3304,WNT5B,FZD10_LRP6
3305,WNT5B,FZD1_LRP6
3306,WNT5B,FZD4
3307,IL25,IL17RA_IL17RB
3308,MMRN2,CLEC14A
3309,MMRN2,CD248
3310,MMRN2,CD93
3311,NTN4,DCC
3312,NTN4,UNC5A
3313,IL21,IL21R_IL2RG
3314,PROK2,PROKR2
3315,PROK2,PROKR1
3316,CRLF2,CRLF2_IL7R_TSLP
3317,SPON1,APP
3318,SPON1,LRP8
3319,NPVF,NPFFR1
3320,NPVF,NPFFR2
3321,FGF22,FGFR1
3322,FGF22,FGFR2
3323,FGF22,FGFRL1
3324,RETN,GPR25
3325,RETN,TLR4
3326,AMBN,CD63
3327,FGF20,FGFR1
3328,FGF20,FGFR2
3329,FGF20,FGFR4
3330,FGF20,FGFR3
3331,IL23A,IL12RB2
3332,IL26,IL10RB_IL20RA
3333,IL26,IL20RB
3334,GDF3,ACVR1B_ACVR2A_CFC1
3335,GDF3,ACVR1C_ACVR2A_CFC1
3336,GDF3,ACVR1B_ACVR2B_CFC1
3337,GDF3,ACVR1B_ACVR2A
3338,GDF3,ACVR1C_ACVR2A
3339,GDF3,ACVR1B_ACVR2B
3340,GDF3,ACVR1C_ACVR2B
3341,CCL28,ADRA2A
3342,CCL28,CCR10
3343,CCL28,MTNR1A
3344,CCL28,CCR3
3345,CCL28,GRM7
3346,ENAM,CD63
3347,CYTL1,CCR2
3348,LTBP3,ITGB5
3349,SEMA3G,NRP2_PLXNA2
3350,SEMA3G,NRP2_PLXNA3
3351,SEMA3G,NRP2_PLXNA4
3352,SEMA3G,NRP2_PLXNA1
3353,FGF21,FGFR1
3354,FGF21,FGFR2
3355,FGF21,FGFR4
3356,FGF21,FGFR3
3357,FGF21,KLB
3358,OBP2A,OR1G1
3359,IL20,IL20RB_IL22RA1
3360,IL20,IL20RA_IL20RB
3361,IL37,IL18R1_IL18RAP
3362,IL37,IL18R1_SIGIRR
3363,IL37,IL1RAPL1
3364,IL36B,IL1RAP_IL1RL2
3365,IL36G,IL1RAP_IL1RL2
3366,IL17C,IL17RA_IL17RE
3367,IFNK,IFNAR1_IFNAR2
3368,COL20A1,ITGA10_ITGB1
3369,COL20A1,ITGA2_ITGB1
3370,COL20A1,ITGA1_ITGB1
3371,COL20A1,ITGA11_ITGB1
3372,CNTN3,PTPRG
3373,GALP,GALR2
3374,GALP,GALR3
3375,GALP,GALR1
3376,XCL2,XCR1
3377,CLCF1,CNTFR_IL6ST_LIFR
3378,CLCF1,CRLF1
3379,IL36RN,IL1RAP_IL1RL2
3380,DKK3,KREMEN1
3381,DKK4,LRP5
3382,DKK4,LRP6
3383,DKK4,KREMEN2
3384,DKK4,KREMEN1
3385,DKK2,LRP5
3386,DKK2,LRP6
3387,DKK2,KREMEN2
3388,DKK2,KREMEN1
3389,GHRL,MLNR
3390,GHRL,GPR39
3391,GHRL,TBXA2R
3392,GHRL,PTGER3
3393,GHRL,PTGIR
3394,GHRL,GHRHR
3395,GHRL,GHSR
3396,WNT16,FZD9_LRP5
3397,WNT16,FZD9_LRP6
3398,WNT16,FZD6_LRP5
3399,WNT16,FZD6_LRP6
3400,WNT16,FZD7_LRP5
3401,WNT16,FZD7_LRP6
3402,WNT16,FZD5_LRP5
3403,WNT16,FZD2_LRP5
3404,WNT16,FZD8_LRP5
3405,WNT16,FZD3_LRP5
3406,WNT16,FZD4_LRP5
3407,WNT16,FZD10_LRP5
3408,WNT16,FZD1_LRP5
3409,WNT16,FZD5_LRP6
3410,WNT16,FZD2_LRP6
3411,WNT16,FZD8_LRP6
3412,WNT16,FZD3_LRP6
3413,WNT16,FZD4_LRP6
3414,WNT16,FZD10_LRP6
3415,WNT16,FZD1_LRP6
3416,IL36A,IL1RAP_IL1RL2
3417,IL19,IL20RA_IL20RB
3418,TAC3,TACR2
3419,IL17B,IL17RB
3420,PCSK1N,GPR171
3421,GDF2,ACVR2A_ACVRL1
3422,GDF2,ACVR2B_ACVRL1
3423,GDF2,ACVRL1_BMPR2
3424,GDF2,ACVR1
3425,ANGPTL2,ITGA5_ITGB1
3426,ANGPTL2,TLR4
3427,ANGPTL2,LILRB3
3428,ANGPTL2,TIE1
3429,ANGPTL2,LILRB2
3430,APLN,ADRA2A
3431,APLN,APLNR
3432,APLN,MTNR1A
3433,APLN,GRM7
3434,COL17A1,ITGA10_ITGB1
3435,COL17A1,ITGA2_ITGB1
3436,COL17A1,ITGA1_ITGB1
3437,COL17A1,ITGA11_ITGB1
3438,CLEC11A,ITGA10
3439,CLEC11A,ITGB1
3440,CLEC11A,ITGA11
3441,CCL26,CCR1
3442,CCL26,CCR2
3443,CCL26,CX3CR1
3444,CCL26,CCR3
3445,CCL26,CCR5
3446,ANGPT4,TIE1
3447,ANGPT4,TEK
3448,CCL27,ADRA2A
3449,CCL27,CCR2
3450,CCL27,CCR10
3451,CCL27,MTNR1A
3452,CCL27,CCR3
3453,CCL27,GRM7
3454,ANGPTL3,ITGAV_ITGB3
3455,ANGPTL3,ITGA5
3456,INSL5,ADRA2A
3457,INSL5,MTNR1A
3458,INSL5,GRM7
3459,INSL5,RXFP4
3460,INSL5,RXFP2
3461,INSL5,RXFP1
3462,INSL5,RXFP3
3463,WIF1,RYK
3464,WNT6,FZD9_LRP5
3465,WNT6,FZD9_LRP6
3466,WNT6,FZD6_LRP5
3467,WNT6,FZD6_LRP6
3468,WNT6,FZD7_LRP5
3469,WNT6,FZD7_LRP6
3470,WNT6,FZD5_LRP5
3471,WNT6,FZD2_LRP5
3472,WNT6,FZD8_LRP5
3473,WNT6,FZD3_LRP5
3474,WNT6,FZD4_LRP5
3475,WNT6,FZD10_LRP5
3476,WNT6,FZD1_LRP5
3477,WNT6,FZD5_LRP6
3478,WNT6,FZD2_LRP6
3479,WNT6,FZD8_LRP6
3480,WNT6,FZD3_LRP6
3481,WNT6,FZD4_LRP6
3482,WNT6,FZD10_LRP6
3483,WNT6,FZD1_LRP6
3484,CD70,CD27
3485,EFNA2,EPHA2
3486,EFNA3,EPHA3
3487,EFNA2,EPHA7
3488,EFNA3,EPHA7
3489,EFNA2,EPHA8
3490,EFNA3,EPHA8
3491,EFNA2,EPHA5
3492,EFNA3,EPHA5
3493,EFNA3,EPHA4
3494,EFNA2,EPHA4
3495,EFNA3,EPHA2
3496,CCL11,ACKR2
3497,CCL13,ACKR2
3498,CCL14,ACKR2
3499,CCL2,ACKR2
3500,CCL3,ACKR2
3501,CCL4,ACKR2
3502,CCL5,ACKR2
3503,CCL7,ACKR2
3504,CCL8,ACKR2
3505,EFNA2,EPHA3
3506,EFNA2,EPHA1
3507,CCL22,DPP4
3508,CLEC2B,KLRF1
3509,WNT5A,FZD1
3510,CCL11,DPP4
3511,CXCL10,DPP4
3512,CXCL11,DPP4
3513,CLEC2A,KLRF2
3514,EFNA3,EPHA1
3515,CXCL2,DPP4
3516,CXCL9,DPP4
3517,CXCL12,DPP4
3518,CXCL16,CXCR6
3519,TNFSF10,TNFRSF10C
3520,CALCA,CALCR
3521,C3,C3AR1
3522,TNFSF8,TNFRSF8
3523,TNFSF4,TNFRSF4
3524,PLAU,PLAUR
3525,C3,CR2
3526,CCL17,ACKR2
3527,CCL18,PITPNM3
3528,CCL22,ACKR2
3529,CCL23,ACKR2
3530,CCL24,ACKR2
3531,CCL3L1,ACKR2
3532,CCL4L1,ACKR2
3533,CD72,CD5
3534,CNTF,IL6ST_LIFR
3535,CNTF,CNTFR_IL6ST
3536,HMGB1,HAVCR2
3537,IL16,CD9
3538,LCN1,LMBR1L
3539,LGALS1,CD69
3540,SEMA4D,CD72
3541,TXLNA,STX3
3542,TXLNA,STX4
3543,TXLNA,STX1A
3544,COL8A1,ITGA1_ITGB1
3545,COL7A1,ITGA1_ITGB1
3546,COL5A3,ITGA1_ITGB1
3547,COL5A2,ITGA1_ITGB1
3548,COL5A1,ITGA1_ITGB1
3549,COL3A1,ITGA1_ITGB1
3550,COL18A1,ITGA1_ITGB1
3551,COL14A1,ITGA1_ITGB1
3552,COL11A1,ITGA1_ITGB1
3553,COL11A1,ITGA2_ITGB1
3554,COL14A1,ITGA2_ITGB1
3555,COL18A1,ITGA2_ITGB1
3556,COL3A1,ITGA2_ITGB1
3557,COL5A1,ITGA2_ITGB1
3558,COL5A2,ITGA2_ITGB1
3559,COL5A3,ITGA2_ITGB1
3560,COL7A1,ITGA2_ITGB1
3561,COL8A1,ITGA2_ITGB1
3562,COL11A1,ITGA10_ITGB1
3563,COL14A1,ITGA10_ITGB1
3564,COL18A1,ITGA10_ITGB1
3565,COL3A1,ITGA10_ITGB1
3566,COL5A1,ITGA10_ITGB1
3567,COL5A2,ITGA10_ITGB1
3568,COL5A3,ITGA10_ITGB1
3569,COL7A1,ITGA10_ITGB1
3570,COL8A1,ITGA10_ITGB1
3571,COL11A1,ITGA11_ITGB1
3572,COL14A1,ITGA11_ITGB1
3573,COL18A1,ITGA11_ITGB1
3574,COL3A1,ITGA11_ITGB1
3575,COL5A1,ITGA11_ITGB1
3576,COL5A2,ITGA11_ITGB1
3577,COL5A3,ITGA11_ITGB1
3578,COL7A1,ITGA11_ITGB1
3579,COL8A1,ITGA11_ITGB1
3580,CD24,SIGLEC10
3581,CLEC4G,LAG3
3582,GNAI2,MTNR1A
3583,GNRH1,GNRHR
3584,SHH,HHIP
3585,SHH,GAS1
3586,PSEN1,NCSTN
3587,EFNA2,EPHA6
3588,EFNA3,EPHA6
3589,DHH,HHIP
3590,IHH,HHIP
3591,AFDN,EPHB3
3592,GNAI2,CCR5
3593,ADM,CALCR
3594,ADM2,CALCR
3595,IAPP,CALCR
3596,CALCB,CALCR
3597,PROS1,AXL
3598,C5,C5AR1
3599,RPS19,C5AR1
3600,C5,C5AR2
3601,RARRES2,CMKLR2
3602,POMC,OPRD1
3603,PDYN,OPRD1
3604,PENK,OPRD1
3605,CAMP,FPR2
3606,HEBP1,FPR3
3607,GNRH2,GNRHR
3608,PSAP,GPR37
3609,PSAP,GPR37L1
3610,TAC1,TACR1
3611,TAC3,TACR1
3612,TAC1,TACR3
3613,TAC3,TACR3
3614,ARF1,PLD2
3615,PROS1,TYRO3
3616,GNAS,ADRB2
3617,FGA,ITGB1
3618,AFDN,EPHA7
3619,AFDN,EPHB2
3620,AFDN,EPHB6
3621,RSPO1,ZNRF3
3622,KMT2E,NCR2
3623,LIPH,LPAR2
3624,FGF13,SCN5A
3625,FGF13,SCN8A
3626,NTNG2,LRRC4
3627,RSPO3,SDC4
3628,RTN4,LINGO1
3629,CNTN6,NOTCH1
3630,NTNG1,LRRC4C
3631,GNAS,GCGR
3632,GNAI2,ADCY1
3633,FGA,ITGAX
3634,GPI,AMFR
3635,PCNA,NCR2
3636,GZMB,IGF2R
3637,CD38,PECAM1
3638,SERPINC1,LRP1
3639,SERPINA1,LRP1
3640,GNAS,TSHR
3641,MFNG,NOTCH1
3642,MFNG,NOTCH2
3643,ADAM12,SDC4
3644,F2,F2RL2
3645,F2,F2R
3646,F2,F2RL1
3647,F2,F2RL3
3648,REN,ATP6AP2
3649,APOE,SORL1
3650,TFPI,VLDLR
3651,EDN3,KEL
3652,OMG,LINGO1
3653,GNAS,AVPR2
3654,ASIP,ATRN
3655,ASIP,MC1R
3656,PSEN1,NOTCH1
3657,FSTL1,DIP2A
3658,GNAS,PTGDR
3659,HRAS,INSR
3660,HRAS,CAV1
3661,ARF1,INSR
3662,GRN,SORT1
3663,GZMB,CHRM3
3664,F9,LRP1
3665,TIMP1,CD63
3666,SFRP1,FZD2
3667,SFRP1,FZD6
3668,PLAT,LRP1
3669,TGFB1,ENG
3670,HGF,ST14
3671,SERPINE1,LRP2
3672,SERPINE1,LRP1
3673,EFNB3,RHBDL2
3674,HBEGF,CD9
3675,LTF,LRP1
3676,HRG,FCGR1A
3677,TFPI,LRP1
3678,PROC,THBD
3679,TGFB3,ENG
3680,INHBA,ENG
3681,EFNB2,RHBDL2
3682,C3,ITGAM
3683,C3,CD19
3684,C3,CD46
3685,C3,C5AR2
3686,C3,ITGAX
3687,C3,CR1
3688,VASP,CXCR2
3689,SLURP1,CHRNA7
3690,OMG,RTN4RL1
3691,AANAT,MTNR1B
3692,AANAT,MTNR1A
3693,CRP,OLR1
3694,NTS,SORT1
3695,CCL21,ACKR2
3696,CCL27,ACKR2
3697,MMP7,CD44
3698,MMP7,CD151
3699,MMP7,ERBB4
3700,THBS1,SDC4
3701,TIMP2,ITGB1
3702,FGF2,SDC4
3703,F13A1,ITGA4
3704,F13A1,ITGB1
3705,TIMP3,AGTR2
3706,IGFBP4,FZD8
3707,RSPO2,ZNRF3
3708,BMP6,HJV
3709,SCGB3A1,MARCO
3710,SHANK1,SSTR2
3711,SHANK1,ADGRL1
3712,BMP10,ENG
3713,LIPH,LPAR1
3714,LIPH,LPAR4
3715,SCGB3A2,MARCO
3716,COL14A1,CD44
3717,IL16,KCNJ15
3718,IL16,KCNJ10
3719,COL3A1,DDR2
3720,COL3A1,MAG
3721,COL3A1,DDR1
3722,CXCL10,SDC4
3723,FGB,ITGAM
3724,FGB,ITGB1
3725,FGB,TLR4
3726,FGA,ITGAM
3727,FGA,ITGB3
3728,FGA,TLR4
3729,PRND,RPSA
3730,HAS2,HMMR
3731,HAS2,CD44
3732,RGMB,NEO1
3733,F2,THBD
3734,CCL19,ACKR2
3735,LPL,GPIHBP1
3736,LPL,SDC1
3737,LPL,VLDLR
3738,GNAI2,LPAR3
3739,GNAI2,EDNRA
3740,GNAI2,ADORA1
3741,GNAI2,C5AR1
3742,GNAI2,ADRA2B
3743,GNAI2,F2R
3744,GNAI2,FPR1
3745,GNAI2,OPRM1
3746,GNAI2,CAV1
3747,GNAI2,TBXA2R
3748,GNAI2,CXCR2
3749,GNAI2,TSHR
3750,GNAI2,AGTR2
3751,GNAI2,CNR1
3752,FBN1,ITGB3
3753,FBN1,ITGB1
3754,PSEN1,NOTCH4
3755,BGN,TLR4
3756,CTHRC1,FZD5
3757,CTHRC1,FZD6
3758,CTHRC1,FZD3
3759,FGG,ITGB1
3760,FGG,TLR4
3761,RTN4,TNFRSF19
3762,COL9A3,MAG
3763,SLPI,PLSCR4
3764,HMGB1,SDC1
3765,HMGB1,THBD
3766,FN1,MAG
3767,COL18A1,GPC4
3768,COL9A1,MAG
3769,GIP,DPP4
3770,F8,LDLR
3771,CCL28,ACKR2
3772,TGM2,ITGB1
3773,TGM2,ITGB3
3774,TGM2,SDC4
3775,TGM2,ADGRG1
3776,CNTF,IL6R
3777,TGFB2,ENG
3778,C4BPA,BMPR2
3779,C4BPA,CD40
3780,CFH,ITGAM
3781,EFNA3,EPHB1
3782,NGF,SORCS3
3783,COL11A1,DDR1
3784,GNAS,CRHR1
3785,RBP4,STRA6
3786,CEL,CXCR4
3787,MMP9,CD44
3788,MMP9,EPHB2
3789,COL9A2,MAG
3790,COL5A2,DDR1
3791,ANXA1,DYSF
3792,AGRN,ATP1A3
3793,COL2A1,MAG
3794,ZG16B,TLR5
3795,ZG16B,CXCR4
3796,CCL25,ACKR2
3797,TCTN1,TMEM67
3798,C4A,C5AR2
3799,HRAS,AGTR1
3800,LRPAP1,LDLR
3801,HSP90AA1,CFTR
3802,TIMP2,ITGA3
3803,CPAMD8,SCTR
3804,RTN4,RTN4R
3805,OMG,RTN4R
3806,LTB,TNFRSF1A
3807,PYY,FAP
3808,NPY,FAP
3809,PROC,PROCR
3810,PLG,PLGRKT
3811,HBEGF,CD82
3812,GNAI2,OPRD1
3813,A2M,LRP1
3814,SERPINE2,LRP1
3815,MMP13,LRP1
3816,MMP9,LRP1
3817,PLAU,LRP1
3818,LRPAP1,LRP1
3819,C3,LRP1
3820,C1QB,LRP1
3821,C4BPA,LRP1
3822,F8,LRP1
3823,LPL,LRP1
3824,LIPC,LRP1
3825,PSAP,LRP1
3826,ASIP,MC3R
3827,SFTPA2,CD93
3828,MBL2,CD93
3829,C1QA,CD93
3830,KISS1,MMP24
3831,HLA-B,CANX
3832,PDGFB,ART1
3833,GUCA2B,GUCY2D
3834,ARF1,CHRM3
3835,NGF,SORT1
3836,LRPAP1,SORT1
3837,BDNF,SORT1
3838,PSEN1,NOTCH2
3839,GNAI2,MTNR1B
3840,FN1,NT5E
3841,BGN,TLR2
3842,ZG16B,TLR2
3843,RNASE2,TLR2
3844,LRPAP1,SORL1
3845,CP,SLC40A1
3846,IGFBP4,LRP6
3847,F2,ITGA2B
3848,FGG,ITGA2B
3849,FGA,ITGA2B
3850,FGB,ITGA2B
3851,IL16,GRIN2D
3852,PSEN1,NOTCH3
3853,GPC3,CD81
3854,SERPING1,SELP
3855,CD24,SELP
3856,PLAU,LRP2
3857,LRPAP1,LRP2
3858,ALB,LRP2
3859,LPL,LRP2
3860,LCN2,LRP2
3861,TIMP3,KDR
3862,COL18A1,KDR
3863,COL18A1,GPC1
3864,RTN4,CNTNAP1
3865,F13A1,ITGA9
3866,GPC3,IGF1R
3867,GNAI2,IGF1R
3868,GNAI2,EGFR
3869,HSP90AA1,EGFR
3870,SPINK1,EGFR
3871,LIN7C,HTR2C
3872,PLAU,ST14
3873,GNAI2,ADRA2A
3874,MATN1,ITGA1
3875,PLA2G10,PLA2R1
3876,FGG,ITGA5
3877,FGA,ITGA5
3878,FGB,ITGA5
3879,FBN1,ITGA5
3880,COL18A1,ITGA5
3881,GNAI2,LHCGR
3882,GNAS,LHCGR
3883,PROS1,MERTK
3884,GNAI2,CXCR1
3885,LTBP1,ITGB5
3886,MMP1,ITGA2
3887,FAT4,DCHS1
3888,ASIP,MC4R
3889,C4A,C3AR1
3890,TAC4,TACR3
3891,TAC4,TACR1
3892,LRPAP1,LRP8
3893,AHSG,INSR
3894,F2,GP9
3895,GNAI2,P2RY12
3896,ASIP,MC5R
3897,GNAS,VIPR1
3898,PTMA,VIPR1
3899,RTN4,RTN4RL1
3900,PTGS2,PTGDR2
3901,ASIP,MC2R
3902,F10,F3
3903,F7,F3
3904,BMP5,HJV
3905,BMP2,HJV
3906,PTGS2,CAV1
3907,MMP12,PLAUR
3908,COL5A1,SDC3
3909,F8,ASGR2
3910,EDN2,KEL
3911,EDN1,KEL
3912,PLAU,IGF2R
3913,C4A,CR1
3914,B2M,CD1B
3915,PSAP,CD1B
3916,LTB,CD40
3917,NTF4,BEX3
3918,MDK,SDC4
3919,CCL5,SDC4
3920,BMP7,ENG
3921,GDF2,ENG
3922,BMP2,ENG
3923,ZG16B,TLR4
3924,COLQ,MUSK
3925,PLTP,ABCA1
3926,MEPE,PHEX
3927,LRPAP1,VLDLR
3928,VIM,CD44
3929,NAMPT,INSR
3930,CEACAM5,CD8A
3931,ADGRB1,RTN4RL1
3932,ADGRB1,RTN4RL2
3933,APOB,ENO1
3934,BMP2,RGMB
3935,BMP4,CFC1
3936,BMP4,RGMB
3937,BMP7,HJV
3938,BSG,SLC16A1
3939,BSG,SLC16A7
3940,C1QA,CD33
3941,C1QB,CD33
3942,C3,NRP1
3943,C4A,NRP1
3944,CADM3,CADM1
3945,CRTAM,CADM1
3946,CADM1,CRTAM
3947,NECTIN3,CADM1
3948,CCN1,SDC4
3949,CD52,SIGLEC10
3950,L1CAM,CD9
3951,CIRBP,TREM1
3952,COL18A1,PTPRS
3953,COL5A3,SDC3
3954,CTHRC1,ROR2
3955,DNAJB11,PRTG
3956,EPO,CRLF3
3957,INHBB,CFC1
3958,INHBB,CFC1B
3959,LGI1,ADAM22
3960,LGI2,ADAM22
3961,LGI3,ADAM22
3962,LGI3,FLOT1
3963,LGI3,STX1A
3964,LGI4,ADAM22
3965,LTF,LRP11
3966,LY86,CD180
3967,MATN1,ITGB1
3968,MUC2,AGR2
3969,MYL9,CD69
3970,MYOC,FZD1
3971,OMG,TNFRSF1B
3972,PDCD1LG2,RGMB
3973,PROC,TEK
3974,PTDSS1,JMJD6
3975,PTDSS1,SCARB1
3976,RTN4,S1PR2
3977,SERPINF1,PLXDC1
3978,SERPING1,LRP1
3979,SERTAD1,AR
3980,SLPI,PLSCR1
3981,TOR2A,ATP5F1B
3982,ZG16B,TLR6
3983,ZP3,CHRNA7
3984,CALM1,TRPC3
3985,S100A10,TRPV6
3986,FADD,FAS
3987,FADD,TRADD
3988,MFAP5,NOTCH1
3989,MTMR4,SMAD3
3990,CALM1,MYLK
3991,CALM2,MYLK
3992,CALM3,MYLK
3993,CALM1,MYLK2
3994,CALM2,MYLK2
3995,CALM3,MYLK2
3996,CALM1,PDE1A
3997,CALM2,PDE1A
3998,CALM3,PDE1A
3999,CALM1,PDE1B
4000,CALM2,PDE1B
4001,CALM3,PDE1B
4002,CALM1,PDE1C
4003,CALM2,PDE1C
4004,CALM3,PDE1C
4005,GNAS,ADCY1
4006,CALM3,GRM7
4007,CALM1,GRM7
4008,CALM2,GRM7
4009,IRAK4,TLR4
4010,MEGF10,ABCA1
4011,TLN1,ITGB3
4012,TLN1,ITGB5
4013,C1QB,C1QBP
4014,HMGB1,AGER
4015,GNAS,ADRB3
4016,APOA1,ABCA1
4017,GSTP1,EGFR
4018,CALM2,EGFR
4019,CALM3,EGFR
4020,CALM1,INSR
4021,CALM2,INSR
4022,CALM3,INSR
4023,HMGB1,TLR4
4024,GNAS,HTR6
4025,APOB,MTTP
4026,SORBS1,INSR
4027,ITGB3BP,ITGB5
4028,ITGB3BP,ITGB3
4029,HEBP1,ADRA2A
4030,HEBP1,MTNR1A
4031,HEBP1,GRM7
4032,VCL,ITGB5
4033,VCL,ALK
4034,EFNA2,EPHA10
4035,TCN2,LRP2
4036,TCN2,CNR1
4037,TIMP1,FGFR2
4038,MMP2,PECAM1
4039,MMP2,CCR2
4040,MMP2,FGFR1
4041,PLAT,ITGAM
4042,TGFB1,SMAD3
4043,TGFB1,CAV1
4044,NAMPT,ADORA2A
4045,SERPINE1,PLAUR
4046,SERPINE1,ITGB5
4047,C5,ADRA2A
4048,C5,MTNR1A
4049,C5,GRM7
4050,SELPLG,ESAM
4051,FGF6,SDC4
4052,GNB3,TGFBR1
4053,GNB3,GABBR2
4054,LTF,TFRC
4055,HRG,ERBB2
4056,HRG,ERBB3
4057,TFPI,SDC4
4058,TFPI,F3
4059,APOB,CALCR
4060,PROC,ITGAM
4061,FGF23,PHEX
4062,TNFSF10,RIPK1
4063,GSTM2,RYR2
4064,INHBA,SMAD3
4065,PI3,PLD2
4066,LYPD3,AGR2
4067,BMP4,HJV
4068,PSPN,GFRA3
4069,TNFSF9,TRAF2
4070,CD70,TNFRSF13B
4071,C3,MTNR1A
4072,C3,GRM7
4073,C3,ADRA2A
4074,C3,IFITM1
4075,C3,CD81
4076,GDF1,SMAD3
4077,TPH1,HTR7
4078,TPH1,HTR1A
4079,TPH1,HTR1F
4080,TPH1,HTR1D
4081,TPH1,HTR2C
4082,TPH1,HTR4
4083,TPH1,HTR6
4084,TPH1,HTR1B
4085,TPH1,HTR2A
4086,TPH1,HTR2B
4087,TPH1,HTR5A
4088,TPH1,HTR1E
4089,LMAN1,MCFD2
4090,APOE,CHRNA4
4091,APOE,ABCA1
4092,NCAN,CDH2
4093,NCAN,SDC3
4094,CRP,CR1
4095,FST,HJV
4096,CFC1,SMAD3
4097,CFC1,ACVR1B
4098,TGS1,RXRA
4099,MMP7,SDC1
4100,ADAM10,GPNMB
4101,ADAM10,TSPAN5
4102,ADAM10,CADM1
4103,ADAM10,TSPAN14
4104,LYZ,ITGAL
4105,RIMS2,ABCA1
4106,TIMP2,CD44
4107,FARP2,PLXNA3
4108,FARP2,PLXNA1
4109,FARP2,PLXNA2
4110,FARP2,PLXNA4
4111,LAMC2,CD151
4112,WNT5A,VANGL2
4113,ICAM1,CAV1
4114,BST1,CAV1
4115,TNC,SDC4
4116,EGF,CAV1
4117,EGF,RHBDL2
4118,NPTX2,NPTXR
4119,ADAM2,CD9
4120,TIMP3,CD44
4121,TIMP3,MET
4122,HDC,HRH1
4123,HDC,HRH2
4124,HDC,HRH3
4125,CGN,TGFBR2
4126,CGN,OCLN
4127,CGN,TGFBR1
4128,CALM2,KCNQ3
4129,CALM2,KCNQ5
4130,CALM2,ADCY8
4131,CALM2,GP6
4132,CALM2,SCN10A
4133,CALM2,PLPP6
4134,CALM2,AQP6
4135,CALM2,GRM5
4136,CALM2,AQP1
4137,CALM2,SCN4A
4138,LIN7C,ABCA1
4139,LIN7C,KCNJ4
4140,IL18,IL18BP
4141,QDPR,DYSF
4142,PIGF,FLT1
4143,ADAMTS3,CCBE1
4144,NODAL,SMAD3
4145,PIP,AQP5
4146,CALM3,KCNQ3
4147,CALM3,KCNQ5
4148,CALM3,ESR1
4149,CALM3,RYR2
4150,CALM3,GP6
4151,CALM3,SCN10A
4152,CALM3,AQP6
4153,CALM3,GRM5
4154,CALM3,AR
4155,CALM3,AQP1
4156,CALM3,SCN4A
4157,TFF2,MUC6
4158,TFF1,MUC5AC
4159,S100B,AGER
4160,S100A1,TRPM3
4161,S100A1,RYR2
4162,S100A1,RYR1
4163,S100A1,TLR4
4164,S100A1,AGER
4165,CXCL16,GRM7
4166,CXCL16,MTNR1A
4167,FGF11,FGFR2
4168,FGF11,FGFR1
4169,ARPC5,ADRB2
4170,ARPC5,LDLR
4171,INHBB,SMAD3
4172,TDGF1,SMAD3
4173,CAMP,P2RX7
4174,SPINK1,NRSN1
4175,FABP5,RXRA
4176,SHH,SCUBE2
4177,ARF6,PLD1
4178,ARF6,SMAP1
4179,HSP90B1,TLR9
4180,HSP90B1,TLR7
4181,HSP90B1,TLR4
4182,HSP90B1,TLR1
4183,ANGPTL4,GPIHBP1
4184,FADD,ABCA1
4185,IL16,GRIN2B
4186,IL16,KCNJ4
4187,IL16,GRIN2A
4188,HSPA4,TLR4
4189,FGB,ITGB3
4190,FGA,PLAUR
4191,FGA,CDH5
4192,FGA,ITGAD
4193,NPTX1,NPTXR
4194,RGMB,HJV
4195,RGMB,BMPR2
4196,RGMB,BMPR1B
4197,F2,GP1BB
4198,LPL,CD44
4199,EFEMP2,AQP1
4200,EFEMP2,PLSCR4
4201,GNAI2,S1PR5
4202,GNAI2,S1PR3
4203,GNAI2,UNC5B
4204,GNAI2,PTPRU
4205,GNAI2,CXCR3
4206,GNAI2,EDNRB
4207,GNAI2,DRD2
4208,GNAI2,ADCY7
4209,AGTRAP,RACK1
4210,PKM,CD44
4211,LPA,LPAR1
4212,MMP1,CD44
4213,WNT11,KLRG2
4214,PSEN1,CD44
4215,BGN,TLR1
4216,IZUMO1,CD9
4217,IZUMO1,IZUMO1R
4218,P4HB,MTTP
4219,HSP90AA1,ITGB3
4220,FGG,ITGB3
4221,RTN4,GJB2
4222,DMP1,PHEX
4223,WNT7B,TMED5
4224,ICAM4,RHAG
4225,HMGB1,TLR9
4226,HMGB1,CXCR4
4227,HMGB1,CD163
4228,FN1,DPP4
4229,COL18A1,ITGB3
4230,CALM1,KCNQ3
4231,CALM1,GRM3
4232,CALM1,CALCR
4233,CALM1,GRM4
4234,CALM1,CRHR1
4235,CALM1,HMMR
4236,CALM1,ADCYAP1R1
4237,CALM1,OPRM1
4238,CALM1,RYR2
4239,CALM1,GLP1R
4240,CALM1,SCN10A
4241,CALM1,AQP6
4242,CALM1,PTPRA
4243,CALM1,SCN4A
4244,SEMA4F,NRP2
4245,GAD1,GRM4
4246,ITIH2,FCER1A
4247,PYY,DPP4
4248,TGM2,ITGA4
4249,TGM2,TBXA2R
4250,PTGS2,ALOX5
4251,EFNA3,EPHB6
4252,EFNA3,EPHA10
4253,NGF,TRPV1
4254,NGF,MAGED1
4255,NGF,BEX3
4256,CD40LG,TRAF3
4257,GNAS,GLP1R
4258,GNAS,ADCY7
4259,MMP9,ITGAM
4260,MMP9,RECK
4261,SPTAN1,PTPRA
4262,PLAU,ITGAM
4263,PLAU,VLDLR
4264,PLAU,ITGB1
4265,F10,ITGAM
4266,FGF14,FGFR2
4267,FGF14,FGFR1
4268,ACTR2,LDLR
4269,SHBG,CLDN4
4270,LAMB3,CD151
4271,LGALS9,SLC1A5
4272,PDCD1LG2,PDCD2
4273,DSCAM,DCC
4274,TF,HFE
4275,PTPN6,CD300LF
4276,C1QTNF5,MFRP
4277,HSPA8,LDLR
4278,S100A10,CFTR
4279,SHANK2,CFTR
4280,PLAU,ITGA3
4281,LGALS8,ITGA3
4282,COL18A1,ITGA3
4283,SLPI,CD4
4284,CALM1,SCTR
4285,CD70,TNFRSF17
4286,CALM2,KCNQ1
4287,CALML3,KCNQ1
4288,CALM1,KCNQ1
4289,CALM3,KCNQ1
4290,RTN4,NGFR
4291,OMG,NGFR
4292,FAM3C,GLRA2
4293,RIMS1,SLC17A7
4294,KLK3,EPOR
4295,S100A8,CD69
4296,CXCL13,OPRD1
4297,CFC1,ACVR2A
4298,GPC3,LRP1
4299,HSP90B1,LRP1
4300,F12,CD93
4301,GNAI2,S1PR4
4302,TNFSF4,TRAF2
4303,TNF,TRAF2
4304,FADD,TRAF2
4305,GSTP1,TRAF2
4306,CLEC3A,CLEC10A
4307,PCSK9,SORT1
4308,PSAP,SORT1
4309,NGF,KIDINS220
4310,HDC,HRH4
4311,LAMA1,NT5E
4312,CALM1,MIP
4313,LTA,RIPK1
4314,CD14,RIPK1
4315,HMGB1,TLR2
4316,HSP90B1,TLR2
4317,CCN6,SORL1
4318,MDK,SORL1
4319,ASIP,MGRN1
4320,CALM1,GLP2R
4321,CALM2,TRPC5
4322,CALM1,TRPC5
4323,CALM3,TRPC5
4324,CALM1,KCNN4
4325,EGF,PLD2
4326,CRISP3,A1BG
4327,HSPA1A,GRIN2D
4328,ARPC5,LRP2
4329,GPC3,LRP2
4330,CUBN,LRP2
4331,HSPA8,LRP2
4332,ACTR2,LRP2
4333,SERPINC1,GPC1
4334,TGM2,ITGA9
4335,AGT,ENPEP
4336,CALM2,CACNA1C
4337,NCAM1,CACNA1C
4338,RIMS1,CACNA1C
4339,CALM1,CACNA1C
4340,CALM3,CACNA1C
4341,SCGB1A1,LMBR1L
4342,CAMP,IGF1R
4343,HSP90B1,ASGR1
4344,HSP90B1,ERBB2
4345,HSP90AA1,ERBB2
4346,MMP9,IFNAR1
4347,PTPN11,FCRL4
4348,PTPN6,FCRL4
4349,CALM1,PTH2R
4350,NRTN,GFRA3
4351,GDNF,GFRA3
4352,CAMP,EGFR
4353,CNTF,EGFR
4354,CALM1,HTR2C
4355,NTNG2,LRRC4C
4356,SPINT1,ST14
4357,CXCL16,ADRA2A
4358,SORBS1,ITGA1
4359,FBN1,ITGB6
4360,SFTPD,LY96
4361,BGN,LY96
4362,GNAS,ADCY8
4363,GNAI2,ADCY8
4364,CALM3,ADCY8
4365,MDK,GPC2
4366,PLAU,ITGA5
4367,GNAS,ADCY9
4368,GNAI2,ADCY9
4369,PLAU,ITGB5
4370,SORBS1,ITGB5
4371,COL18A1,ITGB5
4372,NUCB2,ERAP1
4373,RIMS1,SLC18A2
4374,HSPA8,ADRB2
4375,ACTR2,ADRB2
4376,GNAI2,S1PR1
4377,CALM1,GRM5
4378,GNAI2,CHRM1
4379,CALM1,GP6
4380,CRISP2,CATSPER1
4381,SHBG,GPRC6A
4382,CALM1,AQP1
4383,PDX1,SLC2A2
4384,CALM1,VIPR1
4385,CALM1,CNGA2
4386,RGMA,HJV
4387,NRG1,MS4A4A
4388,CCN1,CAV1
4389,WNT5B,KLRG2
4390,TNF,TRADD
4391,SHBG,SLC37A1
4392,CALM1,KCNQ5
4393,PTPN6,CLEC12A
4394,CALM1,FAS
4395,PIGA,PIGR
4396,MBL2,CALCR
4397,GSTO1,RYR1
4398,GCG,DPP4
4399,NPPB,DPP4
4400,NPY,DPP4
4401,VIP,DPP4
4402,ADA,DPP4
4403,MMP9,TLR9
4404,HRAS,TLR9
4405,C1QA,CR1
4406,GNAS,ADORA1
4407,CEACAM16,TECTB
4408,BDNF,BEX3
4409,CXCL12,SDC4
4410,LAMA1,SDC4
4411,HSPA1A,TLR4
4412,RIMS1,SLC18A3
4413,PSAP,AR
4414,COL8A2,SLC4A11
4415,SPTBN2,PTPRA
4416,NCAM1,PTPRA
4417,IRAK4,TLR7
4418,APOC1,VLDLR
4419,CEACAM16,TECTA
4420,TNF,TRPM2
4421,IRAK4,TLR6
4422,FGF12,FGFR1
4423,VEGFC,CCBE1
4424,FGF12,FGFR2
4425,B2M,HFE
4426,RGMA,HFE
4427,VEGFA,GRIN2B
4428,ENTPD1,ADORA1
4429,ENTPD1,ADORA2A
4430,ENTPD1,ADORA2B
4431,ALB,B2M_FCGRT
4432,ENTPD1,ADORA3
4433,GDF10,BMPR2
4434,PTPN6,EGFR
4435,TPSAB1,F2RL1
4436,PDAP1,PDGFRB
4437,IL16,KCNA3
4438,IL16,KCND2
4439,SERPINA7,SLC16A2
4440,IL16,KCND1
4441,IL16,GRIN2C
4442,ADCYAP1,DPP4
4443,CCL26,ACKR2
4444,RETN,CAP1
4445,NAMPT,ITGA5_ITGB1
4446,ANGPTL4,SDC4
4447,MDK,NCL
4448,PTN,SDC4
4449,PTN,NCL
4450,C4A,CR2
4451,KLK3,NTRK1
4452,SLURP1,CHRNB2
4453,SLURP1,CHRNB4
4454,SLURP1,CHRNA4
4455,SLURP1,CHRNA9
4456,SLURP1,CHRNA10
4457,SLURP2,CHRNB2
4458,SLURP2,CHRNB4
4459,SLURP2,CHRNA4
4460,SLURP2,CHRNA7
4461,GDF9,FXYD6
4462,GDF9,ORAI2
4463,LRP1B,PLAUR
4464,PSAP,CELSR1
4465,PTN,CDH10
4466,SPP1,S1PR1
4467,IL12B,BOC
4468,PCSK9,CD81
4469,TAC1,DPP4
4470,LPA,TREM2
4471,SEMA3G,FCGR2A
4472,LTF,TREML2
4473,PSG9,DCC
4474,F8,LRP2
4475,PRL,ERBB2
4476,LTF,IGDCC4
4477,MXRA5,ILDR1
4478,PAM,DPP4
4479,PSG4,TNFSF8
4480,LTF,BTN3A3
4481,FGF1,ITGB3
4482,B2M,CD1C
4483,TAC1,FAP
4484,BDNF,ERBB2
4485,IL23A,LILRB2
4486,LEP,ISLR2
4487,NRG2,MOG
4488,CD40LG,CD53
4489,MXRA5,SCN2B
4490,S100A4,ERBB3
4491,MXRA5,MAG
4492,HAPLN1,ADGRA2
4493,BMP5,PTPRD
4494,ADO,ADORA3
4495,TGFA,PTPRD
4496,MXRA5,PILRB
4497,MXRA5,PILRA
4498,SEMA3E,NRP2
4499,FSTL5,CEACAM19
4500,APOO,IL1RAPL2
4501,AMH,GREM2
4502,FSTL5,SIGLEC6
4503,PLA2G2A,ERBB3
4504,IGSF10,CD200R1L
4505,BTN1A1,TARM1
4506,CNMD,PTPRD
4507,CNTN4,APLP1
4508,NPY,ADRB1
4509,RSPO3,ZNRF3
4510,BTN1A1,NEGR1
4511,SEMA3G,LILRA3
4512,LTF,TNFRSF11B
4513,SEMA3G,GP6
4514,PSG9,DSCAM
4515,IL23A,LILRA1
4516,WFIKKN2,IGDCC4
4517,F12,GP5
4518,FGF2,ITGB3
4519,CD40LG,CD9
4520,BMP15,TGFBR1
4521,WFIKKN2,PRTG
4522,ADM,DCLK3
4523,TNFSF9,FCRL1
4524,FSTL5,LILRB2
4525,ANGPTL7,LILRB2
4526,ANGPTL1,ITGA1_ITGB1
4527,NR0B2,FGFRL1
4528,GRP,FAP
4529,PSG4,DSCAM
4530,VEGFA,CD44
4531,SLITRK1,TNFRSF11B
4532,TIMP3,DDR1
4533,SPARC,FGFR1
4534,MXRA5,CD69
4535,NGF,ERBB2
4536,SLC6A8,LIFR
4537,F11,GP1BB
4538,SPARC,ENG
4539,NRG1,FCAMR
4540,VWF,ITGA4
4541,MXRA5,MPIG6B
4542,IL23A,SIGLEC6
4543,CALCA,DCLK3
4544,HAPLN1,PRTG
4545,FSTL5,LILRA1
4546,F11,GP9
4547,LGALS3,ENG
4548,NRG2,NRP2
4549,HAPLN1,TREML2
4550,EGF,TNFRSF11B
4551,MXRA5,AGER
4552,BMP4,GREM2
4553,NRG2,LRRTM2
4554,PSG6,DSCAM
4555,RSPO4,ZNRF3
4556,CXCL10,TLR4
4557,WFIKKN2,IGDCC3
4558,PCSK9,LRP8
4559,F11,GP5
4560,MIA,ITGB1
4561,IL11RA,CD40
4562,MXRA5,MFAP3L
4563,IMPG2,PRLR
4564,NRG2,MPIG6B
4565,VWF,ITGB1
4566,IL21,IL4R
4567,LTF,BTN3A2
4568,IGFBPL1,DCC
4569,IGSF10,MAG
4570,S100A10,HTR1B
4571,ADM2,DCLK3
4572,FGB,CDH5
4573,PCSK9,CD36
4574,SLITRK1,ENPEP
4575,IL5,CSF2RA
4576,CD59,STAB1
4577,FSTL5,CNTN5
4578,KITLG,LRRN3
4579,IL10,CD27
4580,NPPB,FAP
4581,MXRA5,AXL
4582,MIA,ITGA5
4583,VIP,ADRB1
4584,RARRES1,NRP2
4585,BPI,SLAMF9
4586,IGSF1,ACVR1B
4587,FRS3,FGFR1
4588,SOCS2,EPOR
4589,PI16,MFAP3L
4590,HAPLN1,IL1RL1
4591,PSG5,PDGFRA
4592,GH1,EPOR
4593,PSG7,DSCAM
4594,IL11,IL6R
4595,VWF,ITGA9
4596,TGFB1,LPP
4597,ADM,ACKR3
4598,HAPLN1,IGDCC4
4599,IGSF10,SLAMF9
4600,ETV5,ERBB2
4601,CCL5,DPP4
4602,MXRA5,SIGLEC7
4603,PSG5,TNFRSF12A
4604,CALCA,ACKR3
4605,GPC3,FLT1
4606,HAPLN1,TNFRSF11B
4607,CNTN6,PTPRG
4608,MBL2,C1QB
4609,ADO,ADORA2B
4610,SCEL,ENG
4611,APOB,TREM2
4612,CLCF1,SORL1
4613,GPC3,UNC5C
4614,F12,GP9
4615,GHRH,DPP4
4616,CNTN4,LVRN
4617,FSTL5,GP6
4618,LTF,BOC
4619,SNX14,HTR6
4620,SLIT2,PLXNA1
4621,LTF,AGER
4622,HAPLN1,MPIG6B
4623,WNT7B,ADGRA2
4624,IFNA2,CR2
4625,IGFBP7,MPIG6B
4626,IL10,CD70
4627,ADO,ADORA1
4628,F12,GP1BB
4629,GDF11,ACVR1C
4630,GPC3,VSIG10L
4631,IFNG,MPL
4632,FSTL5,IL6R
4633,MBL2,LRP1
4634,GCG,FAP
4635,HAPLN1,AGER
4636,PSG7,DCC
4637,IL6,MUSK
4638,PSG9,AXL
4639,NTN1,DSCAM
4640,AGRP,MC1R
4641,IL4,IL21R
4642,MXRA5,SIGLEC8
4643,GIP,FAP
4644,TPSB2,F2RL1
4645,GPC3,UNC5D
4646,PLA2G2A,EGFR
4647,NRG1,SIGLEC7
4648,AGRP,SDC1
4649,PI16,TNFRSF21
4650,IGSF10,MILR1
4651,RSPO1,RNF43
4652,RSPO4,RNF43
4653,FSTL5,CHL1
4654,WNT7A,ADGRA2
4655,POMC,MRAP
4656,GPC3,TNFRSF11B
4657,TNFSF10,CCR6
4658,IL23A,GP6
4659,NPY,ADRB2
4660,IL6,FCGR3B
4661,LGALS3,MCAM
4662,LTF,IL1RL1
4663,PAM,FAP
4664,FSTL5,SDK2
4665,TREML4,SIGLEC8
4666,F8,LRP4
4667,RSPO3,RNF43
4668,SCUBE2,KDR
4669,DBP,ACKR1
4670,MFGE8,ITGB5
4671,C4A,CD46
4672,BMP7,ACVR1B
4673,PSG7,CLEC4A
4674,IL3,CSF2RA
4675,IL10,IFNLR1
4676,ADO,ADORA2A
4677,LCN2,FCGR2A
4678,ANGPTL1,LILRB2
4679,MIA,ITGA4
4680,CD1D,CEACAM5
4681,ENTPD1,TMIGD3
4682,CNTF,CRLF1
4683,IL22,IL20RA
4684,NRG3,EGFR
4685,CSF1,CSF2RA
4686,CSF3,CSF2RA
4687,MAML2,NOTCH2
4688,MAML2,NOTCH3
4689,MAML2,NOTCH1
4690,MAML2,NOTCH4
4691,BMP6,AMHR2
4692,GDF11,ACTR2
4693,GDF1,ACTR2
4694,INHBA,ACTR2
4695,BMP7,ACTR2
4696,BMP2,ACTR2
4697,BMP15,ACTR2
4698,CSF1,CSF3R
4699,IL36G,IFNAR1
4700,IL36G,IFNAR2
